location,age_group,forecast_date,target_end_date,target,type,quantile,value,pathogen
DE,00+,2021-11-16,2021-11-15,-1 day ahead inc hosp,mean,NA,8652.1,COVID-19
DE,00+,2021-11-16,2021-11-14,-2 day ahead inc hosp,mean,NA,8396.7,COVID-19
DE,00+,2021-11-16,2021-11-13,-3 day ahead inc hosp,mean,NA,8054.5,COVID-19
DE,00+,2021-11-16,2021-11-12,-4 day ahead inc hosp,mean,NA,7728,COVID-19
DE,00+,2021-11-16,2021-11-11,-5 day ahead inc hosp,mean,NA,7536.7,COVID-19
DE,00+,2021-11-16,2021-11-10,-6 day ahead inc hosp,mean,NA,7512,COVID-19
DE,00+,2021-11-16,2021-11-09,-7 day ahead inc hosp,mean,NA,7325.4,COVID-19
DE,00+,2021-11-16,2021-11-08,-8 day ahead inc hosp,mean,NA,6908.1,COVID-19
DE,00+,2021-11-16,2021-11-07,-9 day ahead inc hosp,mean,NA,6805.3,COVID-19
DE,00+,2021-11-16,2021-11-06,-10 day ahead inc hosp,mean,NA,6716.1,COVID-19
DE,00+,2021-11-16,2021-11-05,-11 day ahead inc hosp,mean,NA,6445.1,COVID-19
DE,00+,2021-11-16,2021-11-04,-12 day ahead inc hosp,mean,NA,6144,COVID-19
DE,00+,2021-11-16,2021-11-03,-13 day ahead inc hosp,mean,NA,5925,COVID-19
DE,00+,2021-11-16,2021-11-02,-14 day ahead inc hosp,mean,NA,5725.6,COVID-19
DE,00+,2021-11-16,2021-11-01,-15 day ahead inc hosp,mean,NA,5799.5,COVID-19
DE,00+,2021-11-16,2021-10-31,-16 day ahead inc hosp,mean,NA,5684.6,COVID-19
DE,00+,2021-11-16,2021-10-30,-17 day ahead inc hosp,mean,NA,5568.5,COVID-19
DE,00+,2021-11-16,2021-10-29,-18 day ahead inc hosp,mean,NA,5389.6,COVID-19
DE,00+,2021-11-16,2021-10-28,-19 day ahead inc hosp,mean,NA,5180.6,COVID-19
DE,00+,2021-11-16,2021-10-27,-20 day ahead inc hosp,mean,NA,4831.2,COVID-19
DE,00+,2021-11-16,2021-10-26,-21 day ahead inc hosp,mean,NA,4720.8,COVID-19
DE,00+,2021-11-16,2021-10-25,-22 day ahead inc hosp,mean,NA,4608.3,COVID-19
DE,00+,2021-11-16,2021-10-24,-23 day ahead inc hosp,mean,NA,4554.2,COVID-19
DE,00+,2021-11-16,2021-10-23,-24 day ahead inc hosp,mean,NA,4348.9,COVID-19
DE,00+,2021-11-16,2021-10-22,-25 day ahead inc hosp,mean,NA,4080.7,COVID-19
DE,00+,2021-11-16,2021-10-21,-26 day ahead inc hosp,mean,NA,3857,COVID-19
DE,00+,2021-11-16,2021-10-20,-27 day ahead inc hosp,mean,NA,3576.7,COVID-19
DE,00+,2021-11-16,2021-10-19,-28 day ahead inc hosp,mean,NA,3235,COVID-19
DE,00+,2021-11-16,2021-11-15,-1 day ahead inc hosp,quantile,0.025,8453,COVID-19
DE,00+,2021-11-16,2021-11-14,-2 day ahead inc hosp,quantile,0.025,8225.6,COVID-19
DE,00+,2021-11-16,2021-11-13,-3 day ahead inc hosp,quantile,0.025,7920.6,COVID-19
DE,00+,2021-11-16,2021-11-12,-4 day ahead inc hosp,quantile,0.025,7628.7,COVID-19
DE,00+,2021-11-16,2021-11-11,-5 day ahead inc hosp,quantile,0.025,7460,COVID-19
DE,00+,2021-11-16,2021-11-10,-6 day ahead inc hosp,quantile,0.025,7448.1,COVID-19
DE,00+,2021-11-16,2021-11-09,-7 day ahead inc hosp,quantile,0.025,7270.3,COVID-19
DE,00+,2021-11-16,2021-11-08,-8 day ahead inc hosp,quantile,0.025,6857.8,COVID-19
DE,00+,2021-11-16,2021-11-07,-9 day ahead inc hosp,quantile,0.025,6757.5,COVID-19
DE,00+,2021-11-16,2021-11-06,-10 day ahead inc hosp,quantile,0.025,6673.1,COVID-19
DE,00+,2021-11-16,2021-11-05,-11 day ahead inc hosp,quantile,0.025,6408.7,COVID-19
DE,00+,2021-11-16,2021-11-04,-12 day ahead inc hosp,quantile,0.025,6113.5,COVID-19
DE,00+,2021-11-16,2021-11-03,-13 day ahead inc hosp,quantile,0.025,5899.2,COVID-19
DE,00+,2021-11-16,2021-11-02,-14 day ahead inc hosp,quantile,0.025,5702.7,COVID-19
DE,00+,2021-11-16,2021-11-01,-15 day ahead inc hosp,quantile,0.025,5777.4,COVID-19
DE,00+,2021-11-16,2021-10-31,-16 day ahead inc hosp,quantile,0.025,5663.5,COVID-19
DE,00+,2021-11-16,2021-10-30,-17 day ahead inc hosp,quantile,0.025,5549.4,COVID-19
DE,00+,2021-11-16,2021-10-29,-18 day ahead inc hosp,quantile,0.025,5373.1,COVID-19
DE,00+,2021-11-16,2021-10-28,-19 day ahead inc hosp,quantile,0.025,5166.3,COVID-19
DE,00+,2021-11-16,2021-10-27,-20 day ahead inc hosp,quantile,0.025,4819.1,COVID-19
DE,00+,2021-11-16,2021-10-26,-21 day ahead inc hosp,quantile,0.025,4709.9,COVID-19
DE,00+,2021-11-16,2021-10-25,-22 day ahead inc hosp,quantile,0.025,4597.9,COVID-19
DE,00+,2021-11-16,2021-10-24,-23 day ahead inc hosp,quantile,0.025,4544.3,COVID-19
DE,00+,2021-11-16,2021-10-23,-24 day ahead inc hosp,quantile,0.025,4340.1,COVID-19
DE,00+,2021-11-16,2021-10-22,-25 day ahead inc hosp,quantile,0.025,4073.2,COVID-19
DE,00+,2021-11-16,2021-10-21,-26 day ahead inc hosp,quantile,0.025,3850.5,COVID-19
DE,00+,2021-11-16,2021-10-20,-27 day ahead inc hosp,quantile,0.025,3571,COVID-19
DE,00+,2021-11-16,2021-10-19,-28 day ahead inc hosp,quantile,0.025,3230,COVID-19
DE,00+,2021-11-16,2021-11-15,-1 day ahead inc hosp,quantile,0.975,8870.1,COVID-19
DE,00+,2021-11-16,2021-11-14,-2 day ahead inc hosp,quantile,0.975,8585.6,COVID-19
DE,00+,2021-11-16,2021-11-13,-3 day ahead inc hosp,quantile,0.975,8201.3,COVID-19
DE,00+,2021-11-16,2021-11-12,-4 day ahead inc hosp,quantile,0.975,7833.4,COVID-19
DE,00+,2021-11-16,2021-11-11,-5 day ahead inc hosp,quantile,0.975,7620.7,COVID-19
DE,00+,2021-11-16,2021-11-10,-6 day ahead inc hosp,quantile,0.975,7582.5,COVID-19
DE,00+,2021-11-16,2021-11-09,-7 day ahead inc hosp,quantile,0.975,7386.5,COVID-19
DE,00+,2021-11-16,2021-11-08,-8 day ahead inc hosp,quantile,0.975,6963.7,COVID-19
DE,00+,2021-11-16,2021-11-07,-9 day ahead inc hosp,quantile,0.975,6858.1,COVID-19
DE,00+,2021-11-16,2021-11-06,-10 day ahead inc hosp,quantile,0.975,6763.6,COVID-19
DE,00+,2021-11-16,2021-11-05,-11 day ahead inc hosp,quantile,0.975,6485.7,COVID-19
DE,00+,2021-11-16,2021-11-04,-12 day ahead inc hosp,quantile,0.975,6178.2,COVID-19
DE,00+,2021-11-16,2021-11-03,-13 day ahead inc hosp,quantile,0.975,5954.7,COVID-19
DE,00+,2021-11-16,2021-11-02,-14 day ahead inc hosp,quantile,0.975,5752.1,COVID-19
DE,00+,2021-11-16,2021-11-01,-15 day ahead inc hosp,quantile,0.975,5825.4,COVID-19
DE,00+,2021-11-16,2021-10-31,-16 day ahead inc hosp,quantile,0.975,5709.5,COVID-19
DE,00+,2021-11-16,2021-10-30,-17 day ahead inc hosp,quantile,0.975,5591.2,COVID-19
DE,00+,2021-11-16,2021-10-29,-18 day ahead inc hosp,quantile,0.975,5409.6,COVID-19
DE,00+,2021-11-16,2021-10-28,-19 day ahead inc hosp,quantile,0.975,5198.2,COVID-19
DE,00+,2021-11-16,2021-10-27,-20 day ahead inc hosp,quantile,0.975,4846.3,COVID-19
DE,00+,2021-11-16,2021-10-26,-21 day ahead inc hosp,quantile,0.975,4734.8,COVID-19
DE,00+,2021-11-16,2021-10-25,-22 day ahead inc hosp,quantile,0.975,4621.6,COVID-19
DE,00+,2021-11-16,2021-10-24,-23 day ahead inc hosp,quantile,0.975,4567.2,COVID-19
DE,00+,2021-11-16,2021-10-23,-24 day ahead inc hosp,quantile,0.975,4360.4,COVID-19
DE,00+,2021-11-16,2021-10-22,-25 day ahead inc hosp,quantile,0.975,4090.5,COVID-19
DE,00+,2021-11-16,2021-10-21,-26 day ahead inc hosp,quantile,0.975,3865.7,COVID-19
DE,00+,2021-11-16,2021-10-20,-27 day ahead inc hosp,quantile,0.975,3584.3,COVID-19
DE,00+,2021-11-16,2021-10-19,-28 day ahead inc hosp,quantile,0.975,3241.9,COVID-19
DE-BB,00+,2021-11-16,2021-11-15,-1 day ahead inc hosp,mean,NA,145,COVID-19
DE-BB,00+,2021-11-16,2021-11-14,-2 day ahead inc hosp,mean,NA,160.5,COVID-19
DE-BB,00+,2021-11-16,2021-11-13,-3 day ahead inc hosp,mean,NA,175.3,COVID-19
DE-BB,00+,2021-11-16,2021-11-12,-4 day ahead inc hosp,mean,NA,182.6,COVID-19
DE-BB,00+,2021-11-16,2021-11-11,-5 day ahead inc hosp,mean,NA,187.3,COVID-19
DE-BB,00+,2021-11-16,2021-11-10,-6 day ahead inc hosp,mean,NA,176.8,COVID-19
DE-BB,00+,2021-11-16,2021-11-09,-7 day ahead inc hosp,mean,NA,172,COVID-19
DE-BB,00+,2021-11-16,2021-11-08,-8 day ahead inc hosp,mean,NA,169.8,COVID-19
DE-BB,00+,2021-11-16,2021-11-07,-9 day ahead inc hosp,mean,NA,168.1,COVID-19
DE-BB,00+,2021-11-16,2021-11-06,-10 day ahead inc hosp,mean,NA,157.6,COVID-19
DE-BB,00+,2021-11-16,2021-11-05,-11 day ahead inc hosp,mean,NA,149.9,COVID-19
DE-BB,00+,2021-11-16,2021-11-04,-12 day ahead inc hosp,mean,NA,140.9,COVID-19
DE-BB,00+,2021-11-16,2021-11-03,-13 day ahead inc hosp,mean,NA,142.2,COVID-19
DE-BB,00+,2021-11-16,2021-11-02,-14 day ahead inc hosp,mean,NA,137.3,COVID-19
DE-BB,00+,2021-11-16,2021-11-01,-15 day ahead inc hosp,mean,NA,135.1,COVID-19
DE-BB,00+,2021-11-16,2021-10-31,-16 day ahead inc hosp,mean,NA,124.4,COVID-19
DE-BB,00+,2021-11-16,2021-10-30,-17 day ahead inc hosp,mean,NA,121.6,COVID-19
DE-BB,00+,2021-11-16,2021-10-29,-18 day ahead inc hosp,mean,NA,116,COVID-19
DE-BB,00+,2021-11-16,2021-10-28,-19 day ahead inc hosp,mean,NA,119.5,COVID-19
DE-BB,00+,2021-11-16,2021-10-27,-20 day ahead inc hosp,mean,NA,117.8,COVID-19
DE-BB,00+,2021-11-16,2021-10-26,-21 day ahead inc hosp,mean,NA,117.6,COVID-19
DE-BB,00+,2021-11-16,2021-10-25,-22 day ahead inc hosp,mean,NA,111.3,COVID-19
DE-BB,00+,2021-11-16,2021-10-24,-23 day ahead inc hosp,mean,NA,115.2,COVID-19
DE-BB,00+,2021-11-16,2021-10-23,-24 day ahead inc hosp,mean,NA,112,COVID-19
DE-BB,00+,2021-11-16,2021-10-22,-25 day ahead inc hosp,mean,NA,110,COVID-19
DE-BB,00+,2021-11-16,2021-10-21,-26 day ahead inc hosp,mean,NA,95,COVID-19
DE-BB,00+,2021-11-16,2021-10-20,-27 day ahead inc hosp,mean,NA,83,COVID-19
DE-BB,00+,2021-11-16,2021-10-19,-28 day ahead inc hosp,mean,NA,73,COVID-19
DE-BB,00+,2021-11-16,2021-11-15,-1 day ahead inc hosp,quantile,0.025,128.1,COVID-19
DE-BB,00+,2021-11-16,2021-11-14,-2 day ahead inc hosp,quantile,0.025,143.2,COVID-19
DE-BB,00+,2021-11-16,2021-11-13,-3 day ahead inc hosp,quantile,0.025,159.1,COVID-19
DE-BB,00+,2021-11-16,2021-11-12,-4 day ahead inc hosp,quantile,0.025,168.3,COVID-19
DE-BB,00+,2021-11-16,2021-11-11,-5 day ahead inc hosp,quantile,0.025,174.7,COVID-19
DE-BB,00+,2021-11-16,2021-11-10,-6 day ahead inc hosp,quantile,0.025,167.8,COVID-19
DE-BB,00+,2021-11-16,2021-11-09,-7 day ahead inc hosp,quantile,0.025,164.6,COVID-19
DE-BB,00+,2021-11-16,2021-11-08,-8 day ahead inc hosp,quantile,0.025,163.3,COVID-19
DE-BB,00+,2021-11-16,2021-11-07,-9 day ahead inc hosp,quantile,0.025,162.1,COVID-19
DE-BB,00+,2021-11-16,2021-11-06,-10 day ahead inc hosp,quantile,0.025,153.3,COVID-19
DE-BB,00+,2021-11-16,2021-11-05,-11 day ahead inc hosp,quantile,0.025,146.4,COVID-19
DE-BB,00+,2021-11-16,2021-11-04,-12 day ahead inc hosp,quantile,0.025,138,COVID-19
DE-BB,00+,2021-11-16,2021-11-03,-13 day ahead inc hosp,quantile,0.025,139.9,COVID-19
DE-BB,00+,2021-11-16,2021-11-02,-14 day ahead inc hosp,quantile,0.025,135.5,COVID-19
DE-BB,00+,2021-11-16,2021-11-01,-15 day ahead inc hosp,quantile,0.025,133.6,COVID-19
DE-BB,00+,2021-11-16,2021-10-31,-16 day ahead inc hosp,quantile,0.025,123,COVID-19
DE-BB,00+,2021-11-16,2021-10-30,-17 day ahead inc hosp,quantile,0.025,120.5,COVID-19
DE-BB,00+,2021-11-16,2021-10-29,-18 day ahead inc hosp,quantile,0.025,115,COVID-19
DE-BB,00+,2021-11-16,2021-10-28,-19 day ahead inc hosp,quantile,0.025,118.8,COVID-19
DE-BB,00+,2021-11-16,2021-10-27,-20 day ahead inc hosp,quantile,0.025,117.3,COVID-19
DE-BB,00+,2021-11-16,2021-10-26,-21 day ahead inc hosp,quantile,0.025,117.2,COVID-19
DE-BB,00+,2021-11-16,2021-10-25,-22 day ahead inc hosp,quantile,0.025,111.1,COVID-19
DE-BB,00+,2021-11-16,2021-10-24,-23 day ahead inc hosp,quantile,0.025,115,COVID-19
DE-BB,00+,2021-11-16,2021-10-23,-24 day ahead inc hosp,quantile,0.025,112,COVID-19
DE-BB,00+,2021-11-16,2021-10-22,-25 day ahead inc hosp,quantile,0.025,110,COVID-19
DE-BB,00+,2021-11-16,2021-10-21,-26 day ahead inc hosp,quantile,0.025,95,COVID-19
DE-BB,00+,2021-11-16,2021-10-20,-27 day ahead inc hosp,quantile,0.025,83,COVID-19
DE-BB,00+,2021-11-16,2021-10-19,-28 day ahead inc hosp,quantile,0.025,73,COVID-19
DE-BB,00+,2021-11-16,2021-11-15,-1 day ahead inc hosp,quantile,0.975,3630388e12,COVID-19
DE-BB,00+,2021-11-16,2021-11-14,-2 day ahead inc hosp,quantile,0.975,Inf,COVID-19
DE-BB,00+,2021-11-16,2021-11-13,-3 day ahead inc hosp,quantile,0.975,Inf,COVID-19
DE-BB,00+,2021-11-16,2021-11-12,-4 day ahead inc hosp,quantile,0.975,Inf,COVID-19
DE-BB,00+,2021-11-16,2021-11-11,-5 day ahead inc hosp,quantile,0.975,Inf,COVID-19
DE-BB,00+,2021-11-16,2021-11-10,-6 day ahead inc hosp,quantile,0.975,Inf,COVID-19
DE-BB,00+,2021-11-16,2021-11-09,-7 day ahead inc hosp,quantile,0.975,Inf,COVID-19
DE-BB,00+,2021-11-16,2021-11-08,-8 day ahead inc hosp,quantile,0.975,Inf,COVID-19
DE-BB,00+,2021-11-16,2021-11-07,-9 day ahead inc hosp,quantile,0.975,Inf,COVID-19
DE-BB,00+,2021-11-16,2021-11-06,-10 day ahead inc hosp,quantile,0.975,Inf,COVID-19
DE-BB,00+,2021-11-16,2021-11-05,-11 day ahead inc hosp,quantile,0.975,Inf,COVID-19
DE-BB,00+,2021-11-16,2021-11-04,-12 day ahead inc hosp,quantile,0.975,Inf,COVID-19
DE-BB,00+,2021-11-16,2021-11-03,-13 day ahead inc hosp,quantile,0.975,Inf,COVID-19
DE-BB,00+,2021-11-16,2021-11-02,-14 day ahead inc hosp,quantile,0.975,Inf,COVID-19
DE-BB,00+,2021-11-16,2021-11-01,-15 day ahead inc hosp,quantile,0.975,Inf,COVID-19
DE-BB,00+,2021-11-16,2021-10-31,-16 day ahead inc hosp,quantile,0.975,3804907e12,COVID-19
DE-BB,00+,2021-11-16,2021-10-30,-17 day ahead inc hosp,quantile,0.975,2423845e12,COVID-19
DE-BB,00+,2021-11-16,2021-10-29,-18 day ahead inc hosp,quantile,0.975,2410293e12,COVID-19
DE-BB,00+,2021-11-16,2021-10-28,-19 day ahead inc hosp,quantile,0.975,2409625e12,COVID-19
DE-BB,00+,2021-11-16,2021-10-27,-20 day ahead inc hosp,quantile,0.975,2288513e12,COVID-19
DE-BB,00+,2021-11-16,2021-10-26,-21 day ahead inc hosp,quantile,0.975,2279326e12,COVID-19
DE-BB,00+,2021-11-16,2021-10-25,-22 day ahead inc hosp,quantile,0.975,2233593e12,COVID-19
DE-BB,00+,2021-11-16,2021-10-24,-23 day ahead inc hosp,quantile,0.975,Inf,COVID-19
DE-BB,00+,2021-11-16,2021-10-23,-24 day ahead inc hosp,quantile,0.975,Inf,COVID-19
DE-BB,00+,2021-11-16,2021-10-22,-25 day ahead inc hosp,quantile,0.975,Inf,COVID-19
DE-BB,00+,2021-11-16,2021-10-21,-26 day ahead inc hosp,quantile,0.975,1147253e43,COVID-19
DE-BB,00+,2021-11-16,2021-10-20,-27 day ahead inc hosp,quantile,0.975,8001361e42,COVID-19
DE-BB,00+,2021-11-16,2021-10-19,-28 day ahead inc hosp,quantile,0.975,7938854e42,COVID-19
DE-BE,00+,2021-11-16,2021-11-15,-1 day ahead inc hosp,mean,NA,209.8,COVID-19
DE-BE,00+,2021-11-16,2021-11-14,-2 day ahead inc hosp,mean,NA,210.8,COVID-19
DE-BE,00+,2021-11-16,2021-11-13,-3 day ahead inc hosp,mean,NA,204.7,COVID-19
DE-BE,00+,2021-11-16,2021-11-12,-4 day ahead inc hosp,mean,NA,192.1,COVID-19
DE-BE,00+,2021-11-16,2021-11-11,-5 day ahead inc hosp,mean,NA,196.4,COVID-19
DE-BE,00+,2021-11-16,2021-11-10,-6 day ahead inc hosp,mean,NA,201.7,COVID-19
DE-BE,00+,2021-11-16,2021-11-09,-7 day ahead inc hosp,mean,NA,189.7,COVID-19
DE-BE,00+,2021-11-16,2021-11-08,-8 day ahead inc hosp,mean,NA,197.3,COVID-19
DE-BE,00+,2021-11-16,2021-11-07,-9 day ahead inc hosp,mean,NA,200,COVID-19
DE-BE,00+,2021-11-16,2021-11-06,-10 day ahead inc hosp,mean,NA,203,COVID-19
DE-BE,00+,2021-11-16,2021-11-05,-11 day ahead inc hosp,mean,NA,214.6,COVID-19
DE-BE,00+,2021-11-16,2021-11-04,-12 day ahead inc hosp,mean,NA,205.5,COVID-19
DE-BE,00+,2021-11-16,2021-11-03,-13 day ahead inc hosp,mean,NA,228.9,COVID-19
DE-BE,00+,2021-11-16,2021-11-02,-14 day ahead inc hosp,mean,NA,233.9,COVID-19
DE-BE,00+,2021-11-16,2021-11-01,-15 day ahead inc hosp,mean,NA,229.7,COVID-19
DE-BE,00+,2021-11-16,2021-10-31,-16 day ahead inc hosp,mean,NA,224.3,COVID-19
DE-BE,00+,2021-11-16,2021-10-30,-17 day ahead inc hosp,mean,NA,227,COVID-19
DE-BE,00+,2021-11-16,2021-10-29,-18 day ahead inc hosp,mean,NA,209,COVID-19
DE-BE,00+,2021-11-16,2021-10-28,-19 day ahead inc hosp,mean,NA,209.2,COVID-19
DE-BE,00+,2021-11-16,2021-10-27,-20 day ahead inc hosp,mean,NA,187.4,COVID-19
DE-BE,00+,2021-11-16,2021-10-26,-21 day ahead inc hosp,mean,NA,204.9,COVID-19
DE-BE,00+,2021-11-16,2021-10-25,-22 day ahead inc hosp,mean,NA,206.4,COVID-19
DE-BE,00+,2021-11-16,2021-10-24,-23 day ahead inc hosp,mean,NA,205.4,COVID-19
DE-BE,00+,2021-11-16,2021-10-23,-24 day ahead inc hosp,mean,NA,202.3,COVID-19
DE-BE,00+,2021-11-16,2021-10-22,-25 day ahead inc hosp,mean,NA,196.1,COVID-19
DE-BE,00+,2021-11-16,2021-10-21,-26 day ahead inc hosp,mean,NA,193,COVID-19
DE-BE,00+,2021-11-16,2021-10-20,-27 day ahead inc hosp,mean,NA,175.8,COVID-19
DE-BE,00+,2021-11-16,2021-10-19,-28 day ahead inc hosp,mean,NA,153.7,COVID-19
DE-BE,00+,2021-11-16,2021-11-15,-1 day ahead inc hosp,quantile,0.025,193.1,COVID-19
DE-BE,00+,2021-11-16,2021-11-14,-2 day ahead inc hosp,quantile,0.025,194.4,COVID-19
DE-BE,00+,2021-11-16,2021-11-13,-3 day ahead inc hosp,quantile,0.025,189.6,COVID-19
DE-BE,00+,2021-11-16,2021-11-12,-4 day ahead inc hosp,quantile,0.025,182.4,COVID-19
DE-BE,00+,2021-11-16,2021-11-11,-5 day ahead inc hosp,quantile,0.025,188.4,COVID-19
DE-BE,00+,2021-11-16,2021-11-10,-6 day ahead inc hosp,quantile,0.025,194.9,COVID-19
DE-BE,00+,2021-11-16,2021-11-09,-7 day ahead inc hosp,quantile,0.025,184.3,COVID-19
DE-BE,00+,2021-11-16,2021-11-08,-8 day ahead inc hosp,quantile,0.025,192.8,COVID-19
DE-BE,00+,2021-11-16,2021-11-07,-9 day ahead inc hosp,quantile,0.025,195.6,COVID-19
DE-BE,00+,2021-11-16,2021-11-06,-10 day ahead inc hosp,quantile,0.025,198.6,COVID-19
DE-BE,00+,2021-11-16,2021-11-05,-11 day ahead inc hosp,quantile,0.025,210.9,COVID-19
DE-BE,00+,2021-11-16,2021-11-04,-12 day ahead inc hosp,quantile,0.025,202.5,COVID-19
DE-BE,00+,2021-11-16,2021-11-03,-13 day ahead inc hosp,quantile,0.025,226.2,COVID-19
DE-BE,00+,2021-11-16,2021-11-02,-14 day ahead inc hosp,quantile,0.025,231.5,COVID-19
DE-BE,00+,2021-11-16,2021-11-01,-15 day ahead inc hosp,quantile,0.025,227.7,COVID-19
DE-BE,00+,2021-11-16,2021-10-31,-16 day ahead inc hosp,quantile,0.025,222.3,COVID-19
DE-BE,00+,2021-11-16,2021-10-30,-17 day ahead inc hosp,quantile,0.025,225.1,COVID-19
DE-BE,00+,2021-11-16,2021-10-29,-18 day ahead inc hosp,quantile,0.025,207.6,COVID-19
DE-BE,00+,2021-11-16,2021-10-28,-19 day ahead inc hosp,quantile,0.025,207.9,COVID-19
DE-BE,00+,2021-11-16,2021-10-27,-20 day ahead inc hosp,quantile,0.025,186.5,COVID-19
DE-BE,00+,2021-11-16,2021-10-26,-21 day ahead inc hosp,quantile,0.025,204.1,COVID-19
DE-BE,00+,2021-11-16,2021-10-25,-22 day ahead inc hosp,quantile,0.025,205.7,COVID-19
DE-BE,00+,2021-11-16,2021-10-24,-23 day ahead inc hosp,quantile,0.025,204.7,COVID-19
DE-BE,00+,2021-11-16,2021-10-23,-24 day ahead inc hosp,quantile,0.025,201.6,COVID-19
DE-BE,00+,2021-11-16,2021-10-22,-25 day ahead inc hosp,quantile,0.025,195.4,COVID-19
DE-BE,00+,2021-11-16,2021-10-21,-26 day ahead inc hosp,quantile,0.025,192.4,COVID-19
DE-BE,00+,2021-11-16,2021-10-20,-27 day ahead inc hosp,quantile,0.025,175.3,COVID-19
DE-BE,00+,2021-11-16,2021-10-19,-28 day ahead inc hosp,quantile,0.025,153.2,COVID-19
DE-BE,00+,2021-11-16,2021-11-15,-1 day ahead inc hosp,quantile,0.975,238.4,COVID-19
DE-BE,00+,2021-11-16,2021-11-14,-2 day ahead inc hosp,quantile,0.975,238.7,COVID-19
DE-BE,00+,2021-11-16,2021-11-13,-3 day ahead inc hosp,quantile,0.975,229.1,COVID-19
DE-BE,00+,2021-11-16,2021-11-12,-4 day ahead inc hosp,quantile,0.975,207.7,COVID-19
DE-BE,00+,2021-11-16,2021-11-11,-5 day ahead inc hosp,quantile,0.975,209.7,COVID-19
DE-BE,00+,2021-11-16,2021-11-10,-6 day ahead inc hosp,quantile,0.975,213.4,COVID-19
DE-BE,00+,2021-11-16,2021-11-09,-7 day ahead inc hosp,quantile,0.975,199.6,COVID-19
DE-BE,00+,2021-11-16,2021-11-08,-8 day ahead inc hosp,quantile,0.975,206,COVID-19
DE-BE,00+,2021-11-16,2021-11-07,-9 day ahead inc hosp,quantile,0.975,208.6,COVID-19
DE-BE,00+,2021-11-16,2021-11-06,-10 day ahead inc hosp,quantile,0.975,211.8,COVID-19
DE-BE,00+,2021-11-16,2021-11-05,-11 day ahead inc hosp,quantile,0.975,222.7,COVID-19
DE-BE,00+,2021-11-16,2021-11-04,-12 day ahead inc hosp,quantile,0.975,212.5,COVID-19
DE-BE,00+,2021-11-16,2021-11-03,-13 day ahead inc hosp,quantile,0.975,236,COVID-19
DE-BE,00+,2021-11-16,2021-11-02,-14 day ahead inc hosp,quantile,0.975,240.8,COVID-19
DE-BE,00+,2021-11-16,2021-11-01,-15 day ahead inc hosp,quantile,0.975,236.2,COVID-19
DE-BE,00+,2021-11-16,2021-10-31,-16 day ahead inc hosp,quantile,0.975,230.7,COVID-19
DE-BE,00+,2021-11-16,2021-10-30,-17 day ahead inc hosp,quantile,0.975,233.5,COVID-19
DE-BE,00+,2021-11-16,2021-10-29,-18 day ahead inc hosp,quantile,0.975,214.7,COVID-19
DE-BE,00+,2021-11-16,2021-10-28,-19 day ahead inc hosp,quantile,0.975,214.9,COVID-19
DE-BE,00+,2021-11-16,2021-10-27,-20 day ahead inc hosp,quantile,0.975,192.3,COVID-19
DE-BE,00+,2021-11-16,2021-10-26,-21 day ahead inc hosp,quantile,0.975,209.9,COVID-19
DE-BE,00+,2021-11-16,2021-10-25,-22 day ahead inc hosp,quantile,0.975,211.4,COVID-19
DE-BE,00+,2021-11-16,2021-10-24,-23 day ahead inc hosp,quantile,0.975,210.3,COVID-19
DE-BE,00+,2021-11-16,2021-10-23,-24 day ahead inc hosp,quantile,0.975,207,COVID-19
DE-BE,00+,2021-11-16,2021-10-22,-25 day ahead inc hosp,quantile,0.975,200.3,COVID-19
DE-BE,00+,2021-11-16,2021-10-21,-26 day ahead inc hosp,quantile,0.975,197.1,COVID-19
DE-BE,00+,2021-11-16,2021-10-20,-27 day ahead inc hosp,quantile,0.975,179.2,COVID-19
DE-BE,00+,2021-11-16,2021-10-19,-28 day ahead inc hosp,quantile,0.975,157.1,COVID-19
DE-BW,00+,2021-11-16,2021-11-15,-1 day ahead inc hosp,mean,NA,1328.9,COVID-19
DE-BW,00+,2021-11-16,2021-11-14,-2 day ahead inc hosp,mean,NA,1267.6,COVID-19
DE-BW,00+,2021-11-16,2021-11-13,-3 day ahead inc hosp,mean,NA,1170.6,COVID-19
DE-BW,00+,2021-11-16,2021-11-12,-4 day ahead inc hosp,mean,NA,1130.3,COVID-19
DE-BW,00+,2021-11-16,2021-11-11,-5 day ahead inc hosp,mean,NA,1122.7,COVID-19
DE-BW,00+,2021-11-16,2021-11-10,-6 day ahead inc hosp,mean,NA,1149,COVID-19
DE-BW,00+,2021-11-16,2021-11-09,-7 day ahead inc hosp,mean,NA,1127.1,COVID-19
DE-BW,00+,2021-11-16,2021-11-08,-8 day ahead inc hosp,mean,NA,1047.7,COVID-19
DE-BW,00+,2021-11-16,2021-11-07,-9 day ahead inc hosp,mean,NA,1023.1,COVID-19
DE-BW,00+,2021-11-16,2021-11-06,-10 day ahead inc hosp,mean,NA,999.5,COVID-19
DE-BW,00+,2021-11-16,2021-11-05,-11 day ahead inc hosp,mean,NA,945.9,COVID-19
DE-BW,00+,2021-11-16,2021-11-04,-12 day ahead inc hosp,mean,NA,893.1,COVID-19
DE-BW,00+,2021-11-16,2021-11-03,-13 day ahead inc hosp,mean,NA,844.5,COVID-19
DE-BW,00+,2021-11-16,2021-11-02,-14 day ahead inc hosp,mean,NA,861.4,COVID-19
DE-BW,00+,2021-11-16,2021-11-01,-15 day ahead inc hosp,mean,NA,907.3,COVID-19
DE-BW,00+,2021-11-16,2021-10-31,-16 day ahead inc hosp,mean,NA,913.3,COVID-19
DE-BW,00+,2021-11-16,2021-10-30,-17 day ahead inc hosp,mean,NA,937.8,COVID-19
DE-BW,00+,2021-11-16,2021-10-29,-18 day ahead inc hosp,mean,NA,905.3,COVID-19
DE-BW,00+,2021-11-16,2021-10-28,-19 day ahead inc hosp,mean,NA,883.1,COVID-19
DE-BW,00+,2021-11-16,2021-10-27,-20 day ahead inc hosp,mean,NA,812.5,COVID-19
DE-BW,00+,2021-11-16,2021-10-26,-21 day ahead inc hosp,mean,NA,788.2,COVID-19
DE-BW,00+,2021-11-16,2021-10-25,-22 day ahead inc hosp,mean,NA,773.8,COVID-19
DE-BW,00+,2021-11-16,2021-10-24,-23 day ahead inc hosp,mean,NA,759.1,COVID-19
DE-BW,00+,2021-11-16,2021-10-23,-24 day ahead inc hosp,mean,NA,708.2,COVID-19
DE-BW,00+,2021-11-16,2021-10-22,-25 day ahead inc hosp,mean,NA,690.7,COVID-19
DE-BW,00+,2021-11-16,2021-10-21,-26 day ahead inc hosp,mean,NA,653.4,COVID-19
DE-BW,00+,2021-11-16,2021-10-20,-27 day ahead inc hosp,mean,NA,612.5,COVID-19
DE-BW,00+,2021-11-16,2021-10-19,-28 day ahead inc hosp,mean,NA,540.7,COVID-19
DE-BW,00+,2021-11-16,2021-11-15,-1 day ahead inc hosp,quantile,0.025,1252.1,COVID-19
DE-BW,00+,2021-11-16,2021-11-14,-2 day ahead inc hosp,quantile,0.025,1201.9,COVID-19
DE-BW,00+,2021-11-16,2021-11-13,-3 day ahead inc hosp,quantile,0.025,1125.3,COVID-19
DE-BW,00+,2021-11-16,2021-11-12,-4 day ahead inc hosp,quantile,0.025,1098.1,COVID-19
DE-BW,00+,2021-11-16,2021-11-11,-5 day ahead inc hosp,quantile,0.025,1097.6,COVID-19
DE-BW,00+,2021-11-16,2021-11-10,-6 day ahead inc hosp,quantile,0.025,1128.1,COVID-19
DE-BW,00+,2021-11-16,2021-11-09,-7 day ahead inc hosp,quantile,0.025,1108.7,COVID-19
DE-BW,00+,2021-11-16,2021-11-08,-8 day ahead inc hosp,quantile,0.025,1030.8,COVID-19
DE-BW,00+,2021-11-16,2021-11-07,-9 day ahead inc hosp,quantile,0.025,1006.9,COVID-19
DE-BW,00+,2021-11-16,2021-11-06,-10 day ahead inc hosp,quantile,0.025,985.3,COVID-19
DE-BW,00+,2021-11-16,2021-11-05,-11 day ahead inc hosp,quantile,0.025,934.4,COVID-19
DE-BW,00+,2021-11-16,2021-11-04,-12 day ahead inc hosp,quantile,0.025,883.6,COVID-19
DE-BW,00+,2021-11-16,2021-11-03,-13 day ahead inc hosp,quantile,0.025,837.2,COVID-19
DE-BW,00+,2021-11-16,2021-11-02,-14 day ahead inc hosp,quantile,0.025,854.7,COVID-19
DE-BW,00+,2021-11-16,2021-11-01,-15 day ahead inc hosp,quantile,0.025,900.7,COVID-19
DE-BW,00+,2021-11-16,2021-10-31,-16 day ahead inc hosp,quantile,0.025,906.8,COVID-19
DE-BW,00+,2021-11-16,2021-10-30,-17 day ahead inc hosp,quantile,0.025,931.8,COVID-19
DE-BW,00+,2021-11-16,2021-10-29,-18 day ahead inc hosp,quantile,0.025,900.2,COVID-19
DE-BW,00+,2021-11-16,2021-10-28,-19 day ahead inc hosp,quantile,0.025,878.7,COVID-19
DE-BW,00+,2021-11-16,2021-10-27,-20 day ahead inc hosp,quantile,0.025,808.9,COVID-19
DE-BW,00+,2021-11-16,2021-10-26,-21 day ahead inc hosp,quantile,0.025,785.1,COVID-19
DE-BW,00+,2021-11-16,2021-10-25,-22 day ahead inc hosp,quantile,0.025,770.8,COVID-19
DE-BW,00+,2021-11-16,2021-10-24,-23 day ahead inc hosp,quantile,0.025,756.2,COVID-19
DE-BW,00+,2021-11-16,2021-10-23,-24 day ahead inc hosp,quantile,0.025,705.9,COVID-19
DE-BW,00+,2021-11-16,2021-10-22,-25 day ahead inc hosp,quantile,0.025,688.7,COVID-19
DE-BW,00+,2021-11-16,2021-10-21,-26 day ahead inc hosp,quantile,0.025,651.6,COVID-19
DE-BW,00+,2021-11-16,2021-10-20,-27 day ahead inc hosp,quantile,0.025,610.9,COVID-19
DE-BW,00+,2021-11-16,2021-10-19,-28 day ahead inc hosp,quantile,0.025,539.3,COVID-19
DE-BW,00+,2021-11-16,2021-11-15,-1 day ahead inc hosp,quantile,0.975,1428.3,COVID-19
DE-BW,00+,2021-11-16,2021-11-14,-2 day ahead inc hosp,quantile,0.975,1352.5,COVID-19
DE-BW,00+,2021-11-16,2021-11-13,-3 day ahead inc hosp,quantile,0.975,1228.1,COVID-19
DE-BW,00+,2021-11-16,2021-11-12,-4 day ahead inc hosp,quantile,0.975,1170.4,COVID-19
DE-BW,00+,2021-11-16,2021-11-11,-5 day ahead inc hosp,quantile,0.975,1155,COVID-19
DE-BW,00+,2021-11-16,2021-11-10,-6 day ahead inc hosp,quantile,0.975,1176,COVID-19
DE-BW,00+,2021-11-16,2021-11-09,-7 day ahead inc hosp,quantile,0.975,1151,COVID-19
DE-BW,00+,2021-11-16,2021-11-08,-8 day ahead inc hosp,quantile,0.975,1069.9,COVID-19
DE-BW,00+,2021-11-16,2021-11-07,-9 day ahead inc hosp,quantile,0.975,1044.4,COVID-19
DE-BW,00+,2021-11-16,2021-11-06,-10 day ahead inc hosp,quantile,0.975,1018.3,COVID-19
DE-BW,00+,2021-11-16,2021-11-05,-11 day ahead inc hosp,quantile,0.975,961.7,COVID-19
DE-BW,00+,2021-11-16,2021-11-04,-12 day ahead inc hosp,quantile,0.975,906.1,COVID-19
DE-BW,00+,2021-11-16,2021-11-03,-13 day ahead inc hosp,quantile,0.975,855.3,COVID-19
DE-BW,00+,2021-11-16,2021-11-02,-14 day ahead inc hosp,quantile,0.975,871.4,COVID-19
DE-BW,00+,2021-11-16,2021-11-01,-15 day ahead inc hosp,quantile,0.975,917.4,COVID-19
DE-BW,00+,2021-11-16,2021-10-31,-16 day ahead inc hosp,quantile,0.975,923.2,COVID-19
DE-BW,00+,2021-11-16,2021-10-30,-17 day ahead inc hosp,quantile,0.975,947.4,COVID-19
DE-BW,00+,2021-11-16,2021-10-29,-18 day ahead inc hosp,quantile,0.975,913.8,COVID-19
DE-BW,00+,2021-11-16,2021-10-28,-19 day ahead inc hosp,quantile,0.975,890.8,COVID-19
DE-BW,00+,2021-11-16,2021-10-27,-20 day ahead inc hosp,quantile,0.975,818.9,COVID-19
DE-BW,00+,2021-11-16,2021-10-26,-21 day ahead inc hosp,quantile,0.975,794.2,COVID-19
DE-BW,00+,2021-11-16,2021-10-25,-22 day ahead inc hosp,quantile,0.975,779.6,COVID-19
DE-BW,00+,2021-11-16,2021-10-24,-23 day ahead inc hosp,quantile,0.975,764.7,COVID-19
DE-BW,00+,2021-11-16,2021-10-23,-24 day ahead inc hosp,quantile,0.975,713.1,COVID-19
DE-BW,00+,2021-11-16,2021-10-22,-25 day ahead inc hosp,quantile,0.975,695.2,COVID-19
DE-BW,00+,2021-11-16,2021-10-21,-26 day ahead inc hosp,quantile,0.975,657.5,COVID-19
DE-BW,00+,2021-11-16,2021-10-20,-27 day ahead inc hosp,quantile,0.975,616.2,COVID-19
DE-BW,00+,2021-11-16,2021-10-19,-28 day ahead inc hosp,quantile,0.975,544.1,COVID-19
DE-BY,00+,2021-11-16,2021-11-15,-1 day ahead inc hosp,mean,NA,2481.4,COVID-19
DE-BY,00+,2021-11-16,2021-11-14,-2 day ahead inc hosp,mean,NA,2362.6,COVID-19
DE-BY,00+,2021-11-16,2021-11-13,-3 day ahead inc hosp,mean,NA,2273.3,COVID-19
DE-BY,00+,2021-11-16,2021-11-12,-4 day ahead inc hosp,mean,NA,2185.3,COVID-19
DE-BY,00+,2021-11-16,2021-11-11,-5 day ahead inc hosp,mean,NA,2064.6,COVID-19
DE-BY,00+,2021-11-16,2021-11-10,-6 day ahead inc hosp,mean,NA,2031.6,COVID-19
DE-BY,00+,2021-11-16,2021-11-09,-7 day ahead inc hosp,mean,NA,1929.4,COVID-19
DE-BY,00+,2021-11-16,2021-11-08,-8 day ahead inc hosp,mean,NA,1759.3,COVID-19
DE-BY,00+,2021-11-16,2021-11-07,-9 day ahead inc hosp,mean,NA,1743.8,COVID-19
DE-BY,00+,2021-11-16,2021-11-06,-10 day ahead inc hosp,mean,NA,1721.9,COVID-19
DE-BY,00+,2021-11-16,2021-11-05,-11 day ahead inc hosp,mean,NA,1566.8,COVID-19
DE-BY,00+,2021-11-16,2021-11-04,-12 day ahead inc hosp,mean,NA,1455.2,COVID-19
DE-BY,00+,2021-11-16,2021-11-03,-13 day ahead inc hosp,mean,NA,1314.1,COVID-19
DE-BY,00+,2021-11-16,2021-11-02,-14 day ahead inc hosp,mean,NA,1271.7,COVID-19
DE-BY,00+,2021-11-16,2021-11-01,-15 day ahead inc hosp,mean,NA,1290.5,COVID-19
DE-BY,00+,2021-11-16,2021-10-31,-16 day ahead inc hosp,mean,NA,1242.4,COVID-19
DE-BY,00+,2021-11-16,2021-10-30,-17 day ahead inc hosp,mean,NA,1165.1,COVID-19
DE-BY,00+,2021-11-16,2021-10-29,-18 day ahead inc hosp,mean,NA,1112,COVID-19
DE-BY,00+,2021-11-16,2021-10-28,-19 day ahead inc hosp,mean,NA,1045.7,COVID-19
DE-BY,00+,2021-11-16,2021-10-27,-20 day ahead inc hosp,mean,NA,1002,COVID-19
DE-BY,00+,2021-11-16,2021-10-26,-21 day ahead inc hosp,mean,NA,967.9,COVID-19
DE-BY,00+,2021-11-16,2021-10-25,-22 day ahead inc hosp,mean,NA,954.2,COVID-19
DE-BY,00+,2021-11-16,2021-10-24,-23 day ahead inc hosp,mean,NA,920.1,COVID-19
DE-BY,00+,2021-11-16,2021-10-23,-24 day ahead inc hosp,mean,NA,885.2,COVID-19
DE-BY,00+,2021-11-16,2021-10-22,-25 day ahead inc hosp,mean,NA,829.6,COVID-19
DE-BY,00+,2021-11-16,2021-10-21,-26 day ahead inc hosp,mean,NA,795,COVID-19
DE-BY,00+,2021-11-16,2021-10-20,-27 day ahead inc hosp,mean,NA,740,COVID-19
DE-BY,00+,2021-11-16,2021-10-19,-28 day ahead inc hosp,mean,NA,653.3,COVID-19
DE-BY,00+,2021-11-16,2021-11-15,-1 day ahead inc hosp,quantile,0.025,2336.3,COVID-19
DE-BY,00+,2021-11-16,2021-11-14,-2 day ahead inc hosp,quantile,0.025,2241.3,COVID-19
DE-BY,00+,2021-11-16,2021-11-13,-3 day ahead inc hosp,quantile,0.025,2172.5,COVID-19
DE-BY,00+,2021-11-16,2021-11-12,-4 day ahead inc hosp,quantile,0.025,2110,COVID-19
DE-BY,00+,2021-11-16,2021-11-11,-5 day ahead inc hosp,quantile,0.025,2008.3,COVID-19
DE-BY,00+,2021-11-16,2021-11-10,-6 day ahead inc hosp,quantile,0.025,1984.2,COVID-19
DE-BY,00+,2021-11-16,2021-11-09,-7 day ahead inc hosp,quantile,0.025,1889,COVID-19
DE-BY,00+,2021-11-16,2021-11-08,-8 day ahead inc hosp,quantile,0.025,1722.8,COVID-19
DE-BY,00+,2021-11-16,2021-11-07,-9 day ahead inc hosp,quantile,0.025,1709.2,COVID-19
DE-BY,00+,2021-11-16,2021-11-06,-10 day ahead inc hosp,quantile,0.025,1690.3,COVID-19
DE-BY,00+,2021-11-16,2021-11-05,-11 day ahead inc hosp,quantile,0.025,1541.1,COVID-19
DE-BY,00+,2021-11-16,2021-11-04,-12 day ahead inc hosp,quantile,0.025,1434.3,COVID-19
DE-BY,00+,2021-11-16,2021-11-03,-13 day ahead inc hosp,quantile,0.025,1297.1,COVID-19
DE-BY,00+,2021-11-16,2021-11-02,-14 day ahead inc hosp,quantile,0.025,1256.6,COVID-19
DE-BY,00+,2021-11-16,2021-11-01,-15 day ahead inc hosp,quantile,0.025,1275.6,COVID-19
DE-BY,00+,2021-11-16,2021-10-31,-16 day ahead inc hosp,quantile,0.025,1228.6,COVID-19
DE-BY,00+,2021-11-16,2021-10-30,-17 day ahead inc hosp,quantile,0.025,1153.2,COVID-19
DE-BY,00+,2021-11-16,2021-10-29,-18 day ahead inc hosp,quantile,0.025,1101.8,COVID-19
DE-BY,00+,2021-11-16,2021-10-28,-19 day ahead inc hosp,quantile,0.025,1036.9,COVID-19
DE-BY,00+,2021-11-16,2021-10-27,-20 day ahead inc hosp,quantile,0.025,994.2,COVID-19
DE-BY,00+,2021-11-16,2021-10-26,-21 day ahead inc hosp,quantile,0.025,960.8,COVID-19
DE-BY,00+,2021-11-16,2021-10-25,-22 day ahead inc hosp,quantile,0.025,947.4,COVID-19
DE-BY,00+,2021-11-16,2021-10-24,-23 day ahead inc hosp,quantile,0.025,913.7,COVID-19
DE-BY,00+,2021-11-16,2021-10-23,-24 day ahead inc hosp,quantile,0.025,879.4,COVID-19
DE-BY,00+,2021-11-16,2021-10-22,-25 day ahead inc hosp,quantile,0.025,824.6,COVID-19
DE-BY,00+,2021-11-16,2021-10-21,-26 day ahead inc hosp,quantile,0.025,790.7,COVID-19
DE-BY,00+,2021-11-16,2021-10-20,-27 day ahead inc hosp,quantile,0.025,736.2,COVID-19
DE-BY,00+,2021-11-16,2021-10-19,-28 day ahead inc hosp,quantile,0.025,650.1,COVID-19
DE-BY,00+,2021-11-16,2021-11-15,-1 day ahead inc hosp,quantile,0.975,2667.4,COVID-19
DE-BY,00+,2021-11-16,2021-11-14,-2 day ahead inc hosp,quantile,0.975,2519,COVID-19
DE-BY,00+,2021-11-16,2021-11-13,-3 day ahead inc hosp,quantile,0.975,2399.6,COVID-19
DE-BY,00+,2021-11-16,2021-11-12,-4 day ahead inc hosp,quantile,0.975,2281.1,COVID-19
DE-BY,00+,2021-11-16,2021-11-11,-5 day ahead inc hosp,quantile,0.975,2136.9,COVID-19
DE-BY,00+,2021-11-16,2021-11-10,-6 day ahead inc hosp,quantile,0.975,2092.6,COVID-19
DE-BY,00+,2021-11-16,2021-11-09,-7 day ahead inc hosp,quantile,0.975,1981.4,COVID-19
DE-BY,00+,2021-11-16,2021-11-08,-8 day ahead inc hosp,quantile,0.975,1806.9,COVID-19
DE-BY,00+,2021-11-16,2021-11-07,-9 day ahead inc hosp,quantile,0.975,1789.6,COVID-19
DE-BY,00+,2021-11-16,2021-11-06,-10 day ahead inc hosp,quantile,0.975,1763.9,COVID-19
DE-BY,00+,2021-11-16,2021-11-05,-11 day ahead inc hosp,quantile,0.975,1601,COVID-19
DE-BY,00+,2021-11-16,2021-11-04,-12 day ahead inc hosp,quantile,0.975,1484.2,COVID-19
DE-BY,00+,2021-11-16,2021-11-03,-13 day ahead inc hosp,quantile,0.975,1338.1,COVID-19
DE-BY,00+,2021-11-16,2021-11-02,-14 day ahead inc hosp,quantile,0.975,1293.7,COVID-19
DE-BY,00+,2021-11-16,2021-11-01,-15 day ahead inc hosp,quantile,0.975,1312.2,COVID-19
DE-BY,00+,2021-11-16,2021-10-31,-16 day ahead inc hosp,quantile,0.975,1263,COVID-19
DE-BY,00+,2021-11-16,2021-10-30,-17 day ahead inc hosp,quantile,0.975,1182.8,COVID-19
DE-BY,00+,2021-11-16,2021-10-29,-18 day ahead inc hosp,quantile,0.975,1127.9,COVID-19
DE-BY,00+,2021-11-16,2021-10-28,-19 day ahead inc hosp,quantile,0.975,1059.8,COVID-19
DE-BY,00+,2021-11-16,2021-10-27,-20 day ahead inc hosp,quantile,0.975,1014.7,COVID-19
DE-BY,00+,2021-11-16,2021-10-26,-21 day ahead inc hosp,quantile,0.975,979.7,COVID-19
DE-BY,00+,2021-11-16,2021-10-25,-22 day ahead inc hosp,quantile,0.975,965.7,COVID-19
DE-BY,00+,2021-11-16,2021-10-24,-23 day ahead inc hosp,quantile,0.975,931,COVID-19
DE-BY,00+,2021-11-16,2021-10-23,-24 day ahead inc hosp,quantile,0.975,895.2,COVID-19
DE-BY,00+,2021-11-16,2021-10-22,-25 day ahead inc hosp,quantile,0.975,838.5,COVID-19
DE-BY,00+,2021-11-16,2021-10-21,-26 day ahead inc hosp,quantile,0.975,803,COVID-19
DE-BY,00+,2021-11-16,2021-10-20,-27 day ahead inc hosp,quantile,0.975,747.1,COVID-19
DE-BY,00+,2021-11-16,2021-10-19,-28 day ahead inc hosp,quantile,0.975,659.7,COVID-19
DE-HB,00+,2021-11-16,2021-11-15,-1 day ahead inc hosp,mean,NA,51,COVID-19
DE-HB,00+,2021-11-16,2021-11-14,-2 day ahead inc hosp,mean,NA,36.1,COVID-19
DE-HB,00+,2021-11-16,2021-11-13,-3 day ahead inc hosp,mean,NA,30.8,COVID-19
DE-HB,00+,2021-11-16,2021-11-12,-4 day ahead inc hosp,mean,NA,24,COVID-19
DE-HB,00+,2021-11-16,2021-11-11,-5 day ahead inc hosp,mean,NA,22.1,COVID-19
DE-HB,00+,2021-11-16,2021-11-10,-6 day ahead inc hosp,mean,NA,16.4,COVID-19
DE-HB,00+,2021-11-16,2021-11-09,-7 day ahead inc hosp,mean,NA,20.6,COVID-19
DE-HB,00+,2021-11-16,2021-11-08,-8 day ahead inc hosp,mean,NA,20.5,COVID-19
DE-HB,00+,2021-11-16,2021-11-07,-9 day ahead inc hosp,mean,NA,22.5,COVID-19
DE-HB,00+,2021-11-16,2021-11-06,-10 day ahead inc hosp,mean,NA,24.5,COVID-19
DE-HB,00+,2021-11-16,2021-11-05,-11 day ahead inc hosp,mean,NA,27.4,COVID-19
DE-HB,00+,2021-11-16,2021-11-04,-12 day ahead inc hosp,mean,NA,24.6,COVID-19
DE-HB,00+,2021-11-16,2021-11-03,-13 day ahead inc hosp,mean,NA,28.5,COVID-19
DE-HB,00+,2021-11-16,2021-11-02,-14 day ahead inc hosp,mean,NA,29.3,COVID-19
DE-HB,00+,2021-11-16,2021-11-01,-15 day ahead inc hosp,mean,NA,30.2,COVID-19
DE-HB,00+,2021-11-16,2021-10-31,-16 day ahead inc hosp,mean,NA,28.9,COVID-19
DE-HB,00+,2021-11-16,2021-10-30,-17 day ahead inc hosp,mean,NA,29.7,COVID-19
DE-HB,00+,2021-11-16,2021-10-29,-18 day ahead inc hosp,mean,NA,31.5,COVID-19
DE-HB,00+,2021-11-16,2021-10-28,-19 day ahead inc hosp,mean,NA,31.4,COVID-19
DE-HB,00+,2021-11-16,2021-10-27,-20 day ahead inc hosp,mean,NA,32.2,COVID-19
DE-HB,00+,2021-11-16,2021-10-26,-21 day ahead inc hosp,mean,NA,33.2,COVID-19
DE-HB,00+,2021-11-16,2021-10-25,-22 day ahead inc hosp,mean,NA,35.2,COVID-19
DE-HB,00+,2021-11-16,2021-10-24,-23 day ahead inc hosp,mean,NA,39.1,COVID-19
DE-HB,00+,2021-11-16,2021-10-23,-24 day ahead inc hosp,mean,NA,37.1,COVID-19
DE-HB,00+,2021-11-16,2021-10-22,-25 day ahead inc hosp,mean,NA,35,COVID-19
DE-HB,00+,2021-11-16,2021-10-21,-26 day ahead inc hosp,mean,NA,35,COVID-19
DE-HB,00+,2021-11-16,2021-10-20,-27 day ahead inc hosp,mean,NA,34,COVID-19
DE-HB,00+,2021-11-16,2021-10-19,-28 day ahead inc hosp,mean,NA,34,COVID-19
DE-HE,00+,2021-11-16,2021-11-15,-1 day ahead inc hosp,mean,NA,537.5,COVID-19
DE-HE,00+,2021-11-16,2021-11-14,-2 day ahead inc hosp,mean,NA,509.9,COVID-19
DE-HE,00+,2021-11-16,2021-11-13,-3 day ahead inc hosp,mean,NA,456.2,COVID-19
DE-HE,00+,2021-11-16,2021-11-12,-4 day ahead inc hosp,mean,NA,441.8,COVID-19
DE-HE,00+,2021-11-16,2021-11-11,-5 day ahead inc hosp,mean,NA,418.4,COVID-19
DE-HE,00+,2021-11-16,2021-11-10,-6 day ahead inc hosp,mean,NA,444.5,COVID-19
DE-HE,00+,2021-11-16,2021-11-09,-7 day ahead inc hosp,mean,NA,434.8,COVID-19
DE-HE,00+,2021-11-16,2021-11-08,-8 day ahead inc hosp,mean,NA,441.3,COVID-19
DE-HE,00+,2021-11-16,2021-11-07,-9 day ahead inc hosp,mean,NA,446,COVID-19
DE-HE,00+,2021-11-16,2021-11-06,-10 day ahead inc hosp,mean,NA,466.3,COVID-19
DE-HE,00+,2021-11-16,2021-11-05,-11 day ahead inc hosp,mean,NA,440.4,COVID-19
DE-HE,00+,2021-11-16,2021-11-04,-12 day ahead inc hosp,mean,NA,435.4,COVID-19
DE-HE,00+,2021-11-16,2021-11-03,-13 day ahead inc hosp,mean,NA,397,COVID-19
DE-HE,00+,2021-11-16,2021-11-02,-14 day ahead inc hosp,mean,NA,383.7,COVID-19
DE-HE,00+,2021-11-16,2021-11-01,-15 day ahead inc hosp,mean,NA,403.1,COVID-19
DE-HE,00+,2021-11-16,2021-10-31,-16 day ahead inc hosp,mean,NA,390.5,COVID-19
DE-HE,00+,2021-11-16,2021-10-30,-17 day ahead inc hosp,mean,NA,372.8,COVID-19
DE-HE,00+,2021-11-16,2021-10-29,-18 day ahead inc hosp,mean,NA,368,COVID-19
DE-HE,00+,2021-11-16,2021-10-28,-19 day ahead inc hosp,mean,NA,351.5,COVID-19
DE-HE,00+,2021-11-16,2021-10-27,-20 day ahead inc hosp,mean,NA,334.9,COVID-19
DE-HE,00+,2021-11-16,2021-10-26,-21 day ahead inc hosp,mean,NA,339.8,COVID-19
DE-HE,00+,2021-11-16,2021-10-25,-22 day ahead inc hosp,mean,NA,285.6,COVID-19
DE-HE,00+,2021-11-16,2021-10-24,-23 day ahead inc hosp,mean,NA,278.3,COVID-19
DE-HE,00+,2021-11-16,2021-10-23,-24 day ahead inc hosp,mean,NA,264.6,COVID-19
DE-HE,00+,2021-11-16,2021-10-22,-25 day ahead inc hosp,mean,NA,241.6,COVID-19
DE-HE,00+,2021-11-16,2021-10-21,-26 day ahead inc hosp,mean,NA,235,COVID-19
DE-HE,00+,2021-11-16,2021-10-20,-27 day ahead inc hosp,mean,NA,232.8,COVID-19
DE-HE,00+,2021-11-16,2021-10-19,-28 day ahead inc hosp,mean,NA,208.3,COVID-19
DE-HE,00+,2021-11-16,2021-11-15,-1 day ahead inc hosp,quantile,0.025,492.7,COVID-19
DE-HE,00+,2021-11-16,2021-11-14,-2 day ahead inc hosp,quantile,0.025,471.7,COVID-19
DE-HE,00+,2021-11-16,2021-11-13,-3 day ahead inc hosp,quantile,0.025,430.9,COVID-19
DE-HE,00+,2021-11-16,2021-11-12,-4 day ahead inc hosp,quantile,0.025,424.3,COVID-19
DE-HE,00+,2021-11-16,2021-11-11,-5 day ahead inc hosp,quantile,0.025,405.7,COVID-19
DE-HE,00+,2021-11-16,2021-11-10,-6 day ahead inc hosp,quantile,0.025,433.3,COVID-19
DE-HE,00+,2021-11-16,2021-11-09,-7 day ahead inc hosp,quantile,0.025,425.3,COVID-19
DE-HE,00+,2021-11-16,2021-11-08,-8 day ahead inc hosp,quantile,0.025,432.3,COVID-19
DE-HE,00+,2021-11-16,2021-11-07,-9 day ahead inc hosp,quantile,0.025,437.3,COVID-19
DE-HE,00+,2021-11-16,2021-11-06,-10 day ahead inc hosp,quantile,0.025,457.8,COVID-19
DE-HE,00+,2021-11-16,2021-11-05,-11 day ahead inc hosp,quantile,0.025,433.4,COVID-19
DE-HE,00+,2021-11-16,2021-11-04,-12 day ahead inc hosp,quantile,0.025,429.3,COVID-19
DE-HE,00+,2021-11-16,2021-11-03,-13 day ahead inc hosp,quantile,0.025,392,COVID-19
DE-HE,00+,2021-11-16,2021-11-02,-14 day ahead inc hosp,quantile,0.025,379.3,COVID-19
DE-HE,00+,2021-11-16,2021-11-01,-15 day ahead inc hosp,quantile,0.025,398.9,COVID-19
DE-HE,00+,2021-11-16,2021-10-31,-16 day ahead inc hosp,quantile,0.025,386.5,COVID-19
DE-HE,00+,2021-11-16,2021-10-30,-17 day ahead inc hosp,quantile,0.025,369.5,COVID-19
DE-HE,00+,2021-11-16,2021-10-29,-18 day ahead inc hosp,quantile,0.025,365.1,COVID-19
DE-HE,00+,2021-11-16,2021-10-28,-19 day ahead inc hosp,quantile,0.025,349,COVID-19
DE-HE,00+,2021-11-16,2021-10-27,-20 day ahead inc hosp,quantile,0.025,332.7,COVID-19
DE-HE,00+,2021-11-16,2021-10-26,-21 day ahead inc hosp,quantile,0.025,337.8,COVID-19
DE-HE,00+,2021-11-16,2021-10-25,-22 day ahead inc hosp,quantile,0.025,283.9,COVID-19
DE-HE,00+,2021-11-16,2021-10-24,-23 day ahead inc hosp,quantile,0.025,276.7,COVID-19
DE-HE,00+,2021-11-16,2021-10-23,-24 day ahead inc hosp,quantile,0.025,263.2,COVID-19
DE-HE,00+,2021-11-16,2021-10-22,-25 day ahead inc hosp,quantile,0.025,240.5,COVID-19
DE-HE,00+,2021-11-16,2021-10-21,-26 day ahead inc hosp,quantile,0.025,234.1,COVID-19
DE-HE,00+,2021-11-16,2021-10-20,-27 day ahead inc hosp,quantile,0.025,231.9,COVID-19
DE-HE,00+,2021-11-16,2021-10-19,-28 day ahead inc hosp,quantile,0.025,207.6,COVID-19
DE-HE,00+,2021-11-16,2021-11-15,-1 day ahead inc hosp,quantile,0.975,610.7,COVID-19
DE-HE,00+,2021-11-16,2021-11-14,-2 day ahead inc hosp,quantile,0.975,571.1,COVID-19
DE-HE,00+,2021-11-16,2021-11-13,-3 day ahead inc hosp,quantile,0.975,496.3,COVID-19
DE-HE,00+,2021-11-16,2021-11-12,-4 day ahead inc hosp,quantile,0.975,469.3,COVID-19
DE-HE,00+,2021-11-16,2021-11-11,-5 day ahead inc hosp,quantile,0.975,438.9,COVID-19
DE-HE,00+,2021-11-16,2021-11-10,-6 day ahead inc hosp,quantile,0.975,463,COVID-19
DE-HE,00+,2021-11-16,2021-11-09,-7 day ahead inc hosp,quantile,0.975,450.7,COVID-19
DE-HE,00+,2021-11-16,2021-11-08,-8 day ahead inc hosp,quantile,0.975,456.6,COVID-19
DE-HE,00+,2021-11-16,2021-11-07,-9 day ahead inc hosp,quantile,0.975,461.1,COVID-19
DE-HE,00+,2021-11-16,2021-11-06,-10 day ahead inc hosp,quantile,0.975,481.1,COVID-19
DE-HE,00+,2021-11-16,2021-11-05,-11 day ahead inc hosp,quantile,0.975,452.9,COVID-19
DE-HE,00+,2021-11-16,2021-11-04,-12 day ahead inc hosp,quantile,0.975,447,COVID-19
DE-HE,00+,2021-11-16,2021-11-03,-13 day ahead inc hosp,quantile,0.975,406.9,COVID-19
DE-HE,00+,2021-11-16,2021-11-02,-14 day ahead inc hosp,quantile,0.975,392.7,COVID-19
DE-HE,00+,2021-11-16,2021-11-01,-15 day ahead inc hosp,quantile,0.975,412,COVID-19
DE-HE,00+,2021-11-16,2021-10-31,-16 day ahead inc hosp,quantile,0.975,399,COVID-19
DE-HE,00+,2021-11-16,2021-10-30,-17 day ahead inc hosp,quantile,0.975,380.3,COVID-19
DE-HE,00+,2021-11-16,2021-10-29,-18 day ahead inc hosp,quantile,0.975,374.8,COVID-19
DE-HE,00+,2021-11-16,2021-10-28,-19 day ahead inc hosp,quantile,0.975,357.6,COVID-19
DE-HE,00+,2021-11-16,2021-10-27,-20 day ahead inc hosp,quantile,0.975,340.5,COVID-19
DE-HE,00+,2021-11-16,2021-10-26,-21 day ahead inc hosp,quantile,0.975,345.2,COVID-19
DE-HE,00+,2021-11-16,2021-10-25,-22 day ahead inc hosp,quantile,0.975,290.5,COVID-19
DE-HE,00+,2021-11-16,2021-10-24,-23 day ahead inc hosp,quantile,0.975,283.1,COVID-19
DE-HE,00+,2021-11-16,2021-10-23,-24 day ahead inc hosp,quantile,0.975,268.8,COVID-19
DE-HE,00+,2021-11-16,2021-10-22,-25 day ahead inc hosp,quantile,0.975,245.1,COVID-19
DE-HE,00+,2021-11-16,2021-10-21,-26 day ahead inc hosp,quantile,0.975,238.3,COVID-19
DE-HE,00+,2021-11-16,2021-10-20,-27 day ahead inc hosp,quantile,0.975,235.8,COVID-19
DE-HE,00+,2021-11-16,2021-10-19,-28 day ahead inc hosp,quantile,0.975,211.1,COVID-19
DE-HH,00+,2021-11-16,2021-11-15,-1 day ahead inc hosp,mean,NA,131.3,COVID-19
DE-HH,00+,2021-11-16,2021-11-14,-2 day ahead inc hosp,mean,NA,105.2,COVID-19
DE-HH,00+,2021-11-16,2021-11-13,-3 day ahead inc hosp,mean,NA,118,COVID-19
DE-HH,00+,2021-11-16,2021-11-12,-4 day ahead inc hosp,mean,NA,113.1,COVID-19
DE-HH,00+,2021-11-16,2021-11-11,-5 day ahead inc hosp,mean,NA,120.1,COVID-19
DE-HH,00+,2021-11-16,2021-11-10,-6 day ahead inc hosp,mean,NA,110.3,COVID-19
DE-HH,00+,2021-11-16,2021-11-09,-7 day ahead inc hosp,mean,NA,91.8,COVID-19
DE-HH,00+,2021-11-16,2021-11-08,-8 day ahead inc hosp,mean,NA,98,COVID-19
DE-HH,00+,2021-11-16,2021-11-07,-9 day ahead inc hosp,mean,NA,88.3,COVID-19
DE-HH,00+,2021-11-16,2021-11-06,-10 day ahead inc hosp,mean,NA,89,COVID-19
DE-HH,00+,2021-11-16,2021-11-05,-11 day ahead inc hosp,mean,NA,90.5,COVID-19
DE-HH,00+,2021-11-16,2021-11-04,-12 day ahead inc hosp,mean,NA,86.1,COVID-19
DE-HH,00+,2021-11-16,2021-11-03,-13 day ahead inc hosp,mean,NA,84.2,COVID-19
DE-HH,00+,2021-11-16,2021-11-02,-14 day ahead inc hosp,mean,NA,84.9,COVID-19
DE-HH,00+,2021-11-16,2021-11-01,-15 day ahead inc hosp,mean,NA,78.7,COVID-19
DE-HH,00+,2021-11-16,2021-10-31,-16 day ahead inc hosp,mean,NA,78.8,COVID-19
DE-HH,00+,2021-11-16,2021-10-30,-17 day ahead inc hosp,mean,NA,75.1,COVID-19
DE-HH,00+,2021-11-16,2021-10-29,-18 day ahead inc hosp,mean,NA,69.8,COVID-19
DE-HH,00+,2021-11-16,2021-10-28,-19 day ahead inc hosp,mean,NA,67.6,COVID-19
DE-HH,00+,2021-11-16,2021-10-27,-20 day ahead inc hosp,mean,NA,64.5,COVID-19
DE-HH,00+,2021-11-16,2021-10-26,-21 day ahead inc hosp,mean,NA,63.6,COVID-19
DE-HH,00+,2021-11-16,2021-10-25,-22 day ahead inc hosp,mean,NA,72.5,COVID-19
DE-HH,00+,2021-11-16,2021-10-24,-23 day ahead inc hosp,mean,NA,71.2,COVID-19
DE-HH,00+,2021-11-16,2021-10-23,-24 day ahead inc hosp,mean,NA,70.6,COVID-19
DE-HH,00+,2021-11-16,2021-10-22,-25 day ahead inc hosp,mean,NA,71.2,COVID-19
DE-HH,00+,2021-11-16,2021-10-21,-26 day ahead inc hosp,mean,NA,65.6,COVID-19
DE-HH,00+,2021-11-16,2021-10-20,-27 day ahead inc hosp,mean,NA,60.2,COVID-19
DE-HH,00+,2021-11-16,2021-10-19,-28 day ahead inc hosp,mean,NA,58,COVID-19
DE-HH,00+,2021-11-16,2021-11-15,-1 day ahead inc hosp,quantile,0.025,92.5,COVID-19
DE-HH,00+,2021-11-16,2021-11-14,-2 day ahead inc hosp,quantile,0.025,85.2,COVID-19
DE-HH,00+,2021-11-16,2021-11-13,-3 day ahead inc hosp,quantile,0.025,96.5,COVID-19
DE-HH,00+,2021-11-16,2021-11-12,-4 day ahead inc hosp,quantile,0.025,95.5,COVID-19
DE-HH,00+,2021-11-16,2021-11-11,-5 day ahead inc hosp,quantile,0.025,104.2,COVID-19
DE-HH,00+,2021-11-16,2021-11-10,-6 day ahead inc hosp,quantile,0.025,98.8,COVID-19
DE-HH,00+,2021-11-16,2021-11-09,-7 day ahead inc hosp,quantile,0.025,83,COVID-19
DE-HH,00+,2021-11-16,2021-11-08,-8 day ahead inc hosp,quantile,0.025,89.1,COVID-19
DE-HH,00+,2021-11-16,2021-11-07,-9 day ahead inc hosp,quantile,0.025,80.7,COVID-19
DE-HH,00+,2021-11-16,2021-11-06,-10 day ahead inc hosp,quantile,0.025,82.2,COVID-19
DE-HH,00+,2021-11-16,2021-11-05,-11 day ahead inc hosp,quantile,0.025,84.1,COVID-19
DE-HH,00+,2021-11-16,2021-11-04,-12 day ahead inc hosp,quantile,0.025,81,COVID-19
DE-HH,00+,2021-11-16,2021-11-03,-13 day ahead inc hosp,quantile,0.025,79.8,COVID-19
DE-HH,00+,2021-11-16,2021-11-02,-14 day ahead inc hosp,quantile,0.025,80.8,COVID-19
DE-HH,00+,2021-11-16,2021-11-01,-15 day ahead inc hosp,quantile,0.025,74.8,COVID-19
DE-HH,00+,2021-11-16,2021-10-31,-16 day ahead inc hosp,quantile,0.025,75.1,COVID-19
DE-HH,00+,2021-11-16,2021-10-30,-17 day ahead inc hosp,quantile,0.025,72.2,COVID-19
DE-HH,00+,2021-11-16,2021-10-29,-18 day ahead inc hosp,quantile,0.025,67.3,COVID-19
DE-HH,00+,2021-11-16,2021-10-28,-19 day ahead inc hosp,quantile,0.025,65.6,COVID-19
DE-HH,00+,2021-11-16,2021-10-27,-20 day ahead inc hosp,quantile,0.025,63,COVID-19
DE-HH,00+,2021-11-16,2021-10-26,-21 day ahead inc hosp,quantile,0.025,62.2,COVID-19
DE-HH,00+,2021-11-16,2021-10-25,-22 day ahead inc hosp,quantile,0.025,71.2,COVID-19
DE-HH,00+,2021-11-16,2021-10-24,-23 day ahead inc hosp,quantile,0.025,69.9,COVID-19
DE-HH,00+,2021-11-16,2021-10-23,-24 day ahead inc hosp,quantile,0.025,69.5,COVID-19
DE-HH,00+,2021-11-16,2021-10-22,-25 day ahead inc hosp,quantile,0.025,70.2,COVID-19
DE-HH,00+,2021-11-16,2021-10-21,-26 day ahead inc hosp,quantile,0.025,64.8,COVID-19
DE-HH,00+,2021-11-16,2021-10-20,-27 day ahead inc hosp,quantile,0.025,59.5,COVID-19
DE-HH,00+,2021-11-16,2021-10-19,-28 day ahead inc hosp,quantile,0.025,57.4,COVID-19
DE-HH,00+,2021-11-16,2021-11-15,-1 day ahead inc hosp,quantile,0.975,268.9,COVID-19
DE-HH,00+,2021-11-16,2021-11-14,-2 day ahead inc hosp,quantile,0.975,151.4,COVID-19
DE-HH,00+,2021-11-16,2021-11-13,-3 day ahead inc hosp,quantile,0.975,167.2,COVID-19
DE-HH,00+,2021-11-16,2021-11-12,-4 day ahead inc hosp,quantile,0.975,151.5,COVID-19
DE-HH,00+,2021-11-16,2021-11-11,-5 day ahead inc hosp,quantile,0.975,154.2,COVID-19
DE-HH,00+,2021-11-16,2021-11-10,-6 day ahead inc hosp,quantile,0.975,133.9,COVID-19
DE-HH,00+,2021-11-16,2021-11-09,-7 day ahead inc hosp,quantile,0.975,109.7,COVID-19
DE-HH,00+,2021-11-16,2021-11-08,-8 day ahead inc hosp,quantile,0.975,115.9,COVID-19
DE-HH,00+,2021-11-16,2021-11-07,-9 day ahead inc hosp,quantile,0.975,103.2,COVID-19
DE-HH,00+,2021-11-16,2021-11-06,-10 day ahead inc hosp,quantile,0.975,102.3,COVID-19
DE-HH,00+,2021-11-16,2021-11-05,-11 day ahead inc hosp,quantile,0.975,102.8,COVID-19
DE-HH,00+,2021-11-16,2021-11-04,-12 day ahead inc hosp,quantile,0.975,96.1,COVID-19
DE-HH,00+,2021-11-16,2021-11-03,-13 day ahead inc hosp,quantile,0.975,92.7,COVID-19
DE-HH,00+,2021-11-16,2021-11-02,-14 day ahead inc hosp,quantile,0.975,93,COVID-19
DE-HH,00+,2021-11-16,2021-11-01,-15 day ahead inc hosp,quantile,0.975,86.4,COVID-19
DE-HH,00+,2021-11-16,2021-10-31,-16 day ahead inc hosp,quantile,0.975,86.1,COVID-19
DE-HH,00+,2021-11-16,2021-10-30,-17 day ahead inc hosp,quantile,0.975,81.4,COVID-19
DE-HH,00+,2021-11-16,2021-10-29,-18 day ahead inc hosp,quantile,0.975,75.1,COVID-19
DE-HH,00+,2021-11-16,2021-10-28,-19 day ahead inc hosp,quantile,0.975,72,COVID-19
DE-HH,00+,2021-11-16,2021-10-27,-20 day ahead inc hosp,quantile,0.975,68.2,COVID-19
DE-HH,00+,2021-11-16,2021-10-26,-21 day ahead inc hosp,quantile,0.975,67,COVID-19
DE-HH,00+,2021-11-16,2021-10-25,-22 day ahead inc hosp,quantile,0.975,76.3,COVID-19
DE-HH,00+,2021-11-16,2021-10-24,-23 day ahead inc hosp,quantile,0.975,74.7,COVID-19
DE-HH,00+,2021-11-16,2021-10-23,-24 day ahead inc hosp,quantile,0.975,74.6,COVID-19
DE-HH,00+,2021-11-16,2021-10-22,-25 day ahead inc hosp,quantile,0.975,75.6,COVID-19
DE-HH,00+,2021-11-16,2021-10-21,-26 day ahead inc hosp,quantile,0.975,69.5,COVID-19
DE-HH,00+,2021-11-16,2021-10-20,-27 day ahead inc hosp,quantile,0.975,63.7,COVID-19
DE-HH,00+,2021-11-16,2021-10-19,-28 day ahead inc hosp,quantile,0.975,61.6,COVID-19
DE-MV,00+,2021-11-16,2021-11-15,-1 day ahead inc hosp,mean,NA,181.6,COVID-19
DE-MV,00+,2021-11-16,2021-11-14,-2 day ahead inc hosp,mean,NA,173.2,COVID-19
DE-MV,00+,2021-11-16,2021-11-13,-3 day ahead inc hosp,mean,NA,177.3,COVID-19
DE-MV,00+,2021-11-16,2021-11-12,-4 day ahead inc hosp,mean,NA,173.3,COVID-19
DE-MV,00+,2021-11-16,2021-11-11,-5 day ahead inc hosp,mean,NA,153.5,COVID-19
DE-MV,00+,2021-11-16,2021-11-10,-6 day ahead inc hosp,mean,NA,133.7,COVID-19
DE-MV,00+,2021-11-16,2021-11-09,-7 day ahead inc hosp,mean,NA,106.9,COVID-19
DE-MV,00+,2021-11-16,2021-11-08,-8 day ahead inc hosp,mean,NA,97.3,COVID-19
DE-MV,00+,2021-11-16,2021-11-07,-9 day ahead inc hosp,mean,NA,96.1,COVID-19
DE-MV,00+,2021-11-16,2021-11-06,-10 day ahead inc hosp,mean,NA,84.4,COVID-19
DE-MV,00+,2021-11-16,2021-11-05,-11 day ahead inc hosp,mean,NA,83.9,COVID-19
DE-MV,00+,2021-11-16,2021-11-04,-12 day ahead inc hosp,mean,NA,88.3,COVID-19
DE-MV,00+,2021-11-16,2021-11-03,-13 day ahead inc hosp,mean,NA,87.5,COVID-19
DE-MV,00+,2021-11-16,2021-11-02,-14 day ahead inc hosp,mean,NA,83.4,COVID-19
DE-MV,00+,2021-11-16,2021-11-01,-15 day ahead inc hosp,mean,NA,82.1,COVID-19
DE-MV,00+,2021-11-16,2021-10-31,-16 day ahead inc hosp,mean,NA,78.7,COVID-19
DE-MV,00+,2021-11-16,2021-10-30,-17 day ahead inc hosp,mean,NA,74.3,COVID-19
DE-MV,00+,2021-11-16,2021-10-29,-18 day ahead inc hosp,mean,NA,63.4,COVID-19
DE-MV,00+,2021-11-16,2021-10-28,-19 day ahead inc hosp,mean,NA,56.9,COVID-19
DE-MV,00+,2021-11-16,2021-10-27,-20 day ahead inc hosp,mean,NA,55.5,COVID-19
DE-MV,00+,2021-11-16,2021-10-26,-21 day ahead inc hosp,mean,NA,57.4,COVID-19
DE-MV,00+,2021-11-16,2021-10-25,-22 day ahead inc hosp,mean,NA,57.4,COVID-19
DE-MV,00+,2021-11-16,2021-10-24,-23 day ahead inc hosp,mean,NA,61.4,COVID-19
DE-MV,00+,2021-11-16,2021-10-23,-24 day ahead inc hosp,mean,NA,61.3,COVID-19
DE-MV,00+,2021-11-16,2021-10-22,-25 day ahead inc hosp,mean,NA,57.1,COVID-19
DE-MV,00+,2021-11-16,2021-10-21,-26 day ahead inc hosp,mean,NA,58.1,COVID-19
DE-MV,00+,2021-11-16,2021-10-20,-27 day ahead inc hosp,mean,NA,56,COVID-19
DE-MV,00+,2021-11-16,2021-10-19,-28 day ahead inc hosp,mean,NA,50.9,COVID-19
DE-MV,00+,2021-11-16,2021-11-15,-1 day ahead inc hosp,quantile,0.025,160.3,COVID-19
DE-MV,00+,2021-11-16,2021-11-14,-2 day ahead inc hosp,quantile,0.025,155.7,COVID-19
DE-MV,00+,2021-11-16,2021-11-13,-3 day ahead inc hosp,quantile,0.025,161.1,COVID-19
DE-MV,00+,2021-11-16,2021-11-12,-4 day ahead inc hosp,quantile,0.025,160.5,COVID-19
DE-MV,00+,2021-11-16,2021-11-11,-5 day ahead inc hosp,quantile,0.025,143.6,COVID-19
DE-MV,00+,2021-11-16,2021-11-10,-6 day ahead inc hosp,quantile,0.025,126.3,COVID-19
DE-MV,00+,2021-11-16,2021-11-09,-7 day ahead inc hosp,quantile,0.025,102.3,COVID-19
DE-MV,00+,2021-11-16,2021-11-08,-8 day ahead inc hosp,quantile,0.025,93.2,COVID-19
DE-MV,00+,2021-11-16,2021-11-07,-9 day ahead inc hosp,quantile,0.025,92.3,COVID-19
DE-MV,00+,2021-11-16,2021-11-06,-10 day ahead inc hosp,quantile,0.025,81.3,COVID-19
DE-MV,00+,2021-11-16,2021-11-05,-11 day ahead inc hosp,quantile,0.025,81.4,COVID-19
DE-MV,00+,2021-11-16,2021-11-04,-12 day ahead inc hosp,quantile,0.025,85.9,COVID-19
DE-MV,00+,2021-11-16,2021-11-03,-13 day ahead inc hosp,quantile,0.025,85.3,COVID-19
DE-MV,00+,2021-11-16,2021-11-02,-14 day ahead inc hosp,quantile,0.025,81.5,COVID-19
DE-MV,00+,2021-11-16,2021-11-01,-15 day ahead inc hosp,quantile,0.025,80.3,COVID-19
DE-MV,00+,2021-11-16,2021-10-31,-16 day ahead inc hosp,quantile,0.025,77,COVID-19
DE-MV,00+,2021-11-16,2021-10-30,-17 day ahead inc hosp,quantile,0.025,72.8,COVID-19
DE-MV,00+,2021-11-16,2021-10-29,-18 day ahead inc hosp,quantile,0.025,62.2,COVID-19
DE-MV,00+,2021-11-16,2021-10-28,-19 day ahead inc hosp,quantile,0.025,55.9,COVID-19
DE-MV,00+,2021-11-16,2021-10-27,-20 day ahead inc hosp,quantile,0.025,54.7,COVID-19
DE-MV,00+,2021-11-16,2021-10-26,-21 day ahead inc hosp,quantile,0.025,56.6,COVID-19
DE-MV,00+,2021-11-16,2021-10-25,-22 day ahead inc hosp,quantile,0.025,56.5,COVID-19
DE-MV,00+,2021-11-16,2021-10-24,-23 day ahead inc hosp,quantile,0.025,60.5,COVID-19
DE-MV,00+,2021-11-16,2021-10-23,-24 day ahead inc hosp,quantile,0.025,60.5,COVID-19
DE-MV,00+,2021-11-16,2021-10-22,-25 day ahead inc hosp,quantile,0.025,56.4,COVID-19
DE-MV,00+,2021-11-16,2021-10-21,-26 day ahead inc hosp,quantile,0.025,57.4,COVID-19
DE-MV,00+,2021-11-16,2021-10-20,-27 day ahead inc hosp,quantile,0.025,55.3,COVID-19
DE-MV,00+,2021-11-16,2021-10-19,-28 day ahead inc hosp,quantile,0.025,50.3,COVID-19
DE-MV,00+,2021-11-16,2021-11-15,-1 day ahead inc hosp,quantile,0.975,255.2,COVID-19
DE-MV,00+,2021-11-16,2021-11-14,-2 day ahead inc hosp,quantile,0.975,233.4,COVID-19
DE-MV,00+,2021-11-16,2021-11-13,-3 day ahead inc hosp,quantile,0.975,235.3,COVID-19
DE-MV,00+,2021-11-16,2021-11-12,-4 day ahead inc hosp,quantile,0.975,221.2,COVID-19
DE-MV,00+,2021-11-16,2021-11-11,-5 day ahead inc hosp,quantile,0.975,190.6,COVID-19
DE-MV,00+,2021-11-16,2021-11-10,-6 day ahead inc hosp,quantile,0.975,162.7,COVID-19
DE-MV,00+,2021-11-16,2021-11-09,-7 day ahead inc hosp,quantile,0.975,128.9,COVID-19
DE-MV,00+,2021-11-16,2021-11-08,-8 day ahead inc hosp,quantile,0.975,117.6,COVID-19
DE-MV,00+,2021-11-16,2021-11-07,-9 day ahead inc hosp,quantile,0.975,115.8,COVID-19
DE-MV,00+,2021-11-16,2021-11-06,-10 day ahead inc hosp,quantile,0.975,101.1,COVID-19
DE-MV,00+,2021-11-16,2021-11-05,-11 day ahead inc hosp,quantile,0.975,98.4,COVID-19
DE-MV,00+,2021-11-16,2021-11-04,-12 day ahead inc hosp,quantile,0.975,103,COVID-19
DE-MV,00+,2021-11-16,2021-11-03,-13 day ahead inc hosp,quantile,0.975,101.3,COVID-19
DE-MV,00+,2021-11-16,2021-11-02,-14 day ahead inc hosp,quantile,0.975,96.3,COVID-19
DE-MV,00+,2021-11-16,2021-11-01,-15 day ahead inc hosp,quantile,0.975,94.8,COVID-19
DE-MV,00+,2021-11-16,2021-10-31,-16 day ahead inc hosp,quantile,0.975,90.8,COVID-19
DE-MV,00+,2021-11-16,2021-10-30,-17 day ahead inc hosp,quantile,0.975,85.6,COVID-19
DE-MV,00+,2021-11-16,2021-10-29,-18 day ahead inc hosp,quantile,0.975,72,COVID-19
DE-MV,00+,2021-11-16,2021-10-28,-19 day ahead inc hosp,quantile,0.975,64.1,COVID-19
DE-MV,00+,2021-11-16,2021-10-27,-20 day ahead inc hosp,quantile,0.975,62,COVID-19
DE-MV,00+,2021-11-16,2021-10-26,-21 day ahead inc hosp,quantile,0.975,64,COVID-19
DE-MV,00+,2021-11-16,2021-10-25,-22 day ahead inc hosp,quantile,0.975,63.8,COVID-19
DE-MV,00+,2021-11-16,2021-10-24,-23 day ahead inc hosp,quantile,0.975,68.1,COVID-19
DE-MV,00+,2021-11-16,2021-10-23,-24 day ahead inc hosp,quantile,0.975,68,COVID-19
DE-MV,00+,2021-11-16,2021-10-22,-25 day ahead inc hosp,quantile,0.975,62.8,COVID-19
DE-MV,00+,2021-11-16,2021-10-21,-26 day ahead inc hosp,quantile,0.975,63.8,COVID-19
DE-MV,00+,2021-11-16,2021-10-20,-27 day ahead inc hosp,quantile,0.975,61.5,COVID-19
DE-MV,00+,2021-11-16,2021-10-19,-28 day ahead inc hosp,quantile,0.975,55.9,COVID-19
DE-NI,00+,2021-11-16,2021-11-15,-1 day ahead inc hosp,mean,NA,287,COVID-19
DE-NI,00+,2021-11-16,2021-11-14,-2 day ahead inc hosp,mean,NA,284.5,COVID-19
DE-NI,00+,2021-11-16,2021-11-13,-3 day ahead inc hosp,mean,NA,284,COVID-19
DE-NI,00+,2021-11-16,2021-11-12,-4 day ahead inc hosp,mean,NA,252.7,COVID-19
DE-NI,00+,2021-11-16,2021-11-11,-5 day ahead inc hosp,mean,NA,242.9,COVID-19
DE-NI,00+,2021-11-16,2021-11-10,-6 day ahead inc hosp,mean,NA,255.6,COVID-19
DE-NI,00+,2021-11-16,2021-11-09,-7 day ahead inc hosp,mean,NA,247.6,COVID-19
DE-NI,00+,2021-11-16,2021-11-08,-8 day ahead inc hosp,mean,NA,239.7,COVID-19
DE-NI,00+,2021-11-16,2021-11-07,-9 day ahead inc hosp,mean,NA,231.9,COVID-19
DE-NI,00+,2021-11-16,2021-11-06,-10 day ahead inc hosp,mean,NA,236.6,COVID-19
DE-NI,00+,2021-11-16,2021-11-05,-11 day ahead inc hosp,mean,NA,250.8,COVID-19
DE-NI,00+,2021-11-16,2021-11-04,-12 day ahead inc hosp,mean,NA,249.8,COVID-19
DE-NI,00+,2021-11-16,2021-11-03,-13 day ahead inc hosp,mean,NA,264.3,COVID-19
DE-NI,00+,2021-11-16,2021-11-02,-14 day ahead inc hosp,mean,NA,264.7,COVID-19
DE-NI,00+,2021-11-16,2021-11-01,-15 day ahead inc hosp,mean,NA,266,COVID-19
DE-NI,00+,2021-11-16,2021-10-31,-16 day ahead inc hosp,mean,NA,264.7,COVID-19
DE-NI,00+,2021-11-16,2021-10-30,-17 day ahead inc hosp,mean,NA,254.5,COVID-19
DE-NI,00+,2021-11-16,2021-10-29,-18 day ahead inc hosp,mean,NA,241,COVID-19
DE-NI,00+,2021-11-16,2021-10-28,-19 day ahead inc hosp,mean,NA,231.9,COVID-19
DE-NI,00+,2021-11-16,2021-10-27,-20 day ahead inc hosp,mean,NA,205.5,COVID-19
DE-NI,00+,2021-11-16,2021-10-26,-21 day ahead inc hosp,mean,NA,200.1,COVID-19
DE-NI,00+,2021-11-16,2021-10-25,-22 day ahead inc hosp,mean,NA,201.9,COVID-19
DE-NI,00+,2021-11-16,2021-10-24,-23 day ahead inc hosp,mean,NA,207.9,COVID-19
DE-NI,00+,2021-11-16,2021-10-23,-24 day ahead inc hosp,mean,NA,201.7,COVID-19
DE-NI,00+,2021-11-16,2021-10-22,-25 day ahead inc hosp,mean,NA,203.4,COVID-19
DE-NI,00+,2021-11-16,2021-10-21,-26 day ahead inc hosp,mean,NA,206.2,COVID-19
DE-NI,00+,2021-11-16,2021-10-20,-27 day ahead inc hosp,mean,NA,193,COVID-19
DE-NI,00+,2021-11-16,2021-10-19,-28 day ahead inc hosp,mean,NA,184.9,COVID-19
DE-NW,00+,2021-11-16,2021-11-15,-1 day ahead inc hosp,mean,NA,1393.7,COVID-19
DE-NW,00+,2021-11-16,2021-11-14,-2 day ahead inc hosp,mean,NA,1380.8,COVID-19
DE-NW,00+,2021-11-16,2021-11-13,-3 day ahead inc hosp,mean,NA,1310.1,COVID-19
DE-NW,00+,2021-11-16,2021-11-12,-4 day ahead inc hosp,mean,NA,1266.6,COVID-19
DE-NW,00+,2021-11-16,2021-11-11,-5 day ahead inc hosp,mean,NA,1261.6,COVID-19
DE-NW,00+,2021-11-16,2021-11-10,-6 day ahead inc hosp,mean,NA,1244.7,COVID-19
DE-NW,00+,2021-11-16,2021-11-09,-7 day ahead inc hosp,mean,NA,1230.4,COVID-19
DE-NW,00+,2021-11-16,2021-11-08,-8 day ahead inc hosp,mean,NA,1138.9,COVID-19
DE-NW,00+,2021-11-16,2021-11-07,-9 day ahead inc hosp,mean,NA,1095.1,COVID-19
DE-NW,00+,2021-11-16,2021-11-06,-10 day ahead inc hosp,mean,NA,1069.4,COVID-19
DE-NW,00+,2021-11-16,2021-11-05,-11 day ahead inc hosp,mean,NA,1037.1,COVID-19
DE-NW,00+,2021-11-16,2021-11-04,-12 day ahead inc hosp,mean,NA,995.4,COVID-19
DE-NW,00+,2021-11-16,2021-11-03,-13 day ahead inc hosp,mean,NA,1020.9,COVID-19
DE-NW,00+,2021-11-16,2021-11-02,-14 day ahead inc hosp,mean,NA,1000.9,COVID-19
DE-NW,00+,2021-11-16,2021-11-01,-15 day ahead inc hosp,mean,NA,1040.5,COVID-19
DE-NW,00+,2021-11-16,2021-10-31,-16 day ahead inc hosp,mean,NA,1025.6,COVID-19
DE-NW,00+,2021-11-16,2021-10-30,-17 day ahead inc hosp,mean,NA,1021.6,COVID-19
DE-NW,00+,2021-11-16,2021-10-29,-18 day ahead inc hosp,mean,NA,1007.7,COVID-19
DE-NW,00+,2021-11-16,2021-10-28,-19 day ahead inc hosp,mean,NA,976.9,COVID-19
DE-NW,00+,2021-11-16,2021-10-27,-20 day ahead inc hosp,mean,NA,907.2,COVID-19
DE-NW,00+,2021-11-16,2021-10-26,-21 day ahead inc hosp,mean,NA,877,COVID-19
DE-NW,00+,2021-11-16,2021-10-25,-22 day ahead inc hosp,mean,NA,861,COVID-19
DE-NW,00+,2021-11-16,2021-10-24,-23 day ahead inc hosp,mean,NA,862.7,COVID-19
DE-NW,00+,2021-11-16,2021-10-23,-24 day ahead inc hosp,mean,NA,831.6,COVID-19
DE-NW,00+,2021-11-16,2021-10-22,-25 day ahead inc hosp,mean,NA,771.6,COVID-19
DE-NW,00+,2021-11-16,2021-10-21,-26 day ahead inc hosp,mean,NA,742.1,COVID-19
DE-NW,00+,2021-11-16,2021-10-20,-27 day ahead inc hosp,mean,NA,667,COVID-19
DE-NW,00+,2021-11-16,2021-10-19,-28 day ahead inc hosp,mean,NA,631.8,COVID-19
DE-NW,00+,2021-11-16,2021-11-15,-1 day ahead inc hosp,quantile,0.025,1312.5,COVID-19
DE-NW,00+,2021-11-16,2021-11-14,-2 day ahead inc hosp,quantile,0.025,1311.4,COVID-19
DE-NW,00+,2021-11-16,2021-11-13,-3 day ahead inc hosp,quantile,0.025,1257,COVID-19
DE-NW,00+,2021-11-16,2021-11-12,-4 day ahead inc hosp,quantile,0.025,1227,COVID-19
DE-NW,00+,2021-11-16,2021-11-11,-5 day ahead inc hosp,quantile,0.025,1229.7,COVID-19
DE-NW,00+,2021-11-16,2021-11-10,-6 day ahead inc hosp,quantile,0.025,1217.6,COVID-19
DE-NW,00+,2021-11-16,2021-11-09,-7 day ahead inc hosp,quantile,0.025,1206.2,COVID-19
DE-NW,00+,2021-11-16,2021-11-08,-8 day ahead inc hosp,quantile,0.025,1117.3,COVID-19
DE-NW,00+,2021-11-16,2021-11-07,-9 day ahead inc hosp,quantile,0.025,1075.4,COVID-19
DE-NW,00+,2021-11-16,2021-11-06,-10 day ahead inc hosp,quantile,0.025,1051.9,COVID-19
DE-NW,00+,2021-11-16,2021-11-05,-11 day ahead inc hosp,quantile,0.025,1022.3,COVID-19
DE-NW,00+,2021-11-16,2021-11-04,-12 day ahead inc hosp,quantile,0.025,983.1,COVID-19
DE-NW,00+,2021-11-16,2021-11-03,-13 day ahead inc hosp,quantile,0.025,1009.9,COVID-19
DE-NW,00+,2021-11-16,2021-11-02,-14 day ahead inc hosp,quantile,0.025,991,COVID-19
DE-NW,00+,2021-11-16,2021-11-01,-15 day ahead inc hosp,quantile,0.025,1030.9,COVID-19
DE-NW,00+,2021-11-16,2021-10-31,-16 day ahead inc hosp,quantile,0.025,1016.5,COVID-19
DE-NW,00+,2021-11-16,2021-10-30,-17 day ahead inc hosp,quantile,0.025,1013.1,COVID-19
DE-NW,00+,2021-11-16,2021-10-29,-18 day ahead inc hosp,quantile,0.025,1000.1,COVID-19
DE-NW,00+,2021-11-16,2021-10-28,-19 day ahead inc hosp,quantile,0.025,970.4,COVID-19
DE-NW,00+,2021-11-16,2021-10-27,-20 day ahead inc hosp,quantile,0.025,901.9,COVID-19
DE-NW,00+,2021-11-16,2021-10-26,-21 day ahead inc hosp,quantile,0.025,872.2,COVID-19
DE-NW,00+,2021-11-16,2021-10-25,-22 day ahead inc hosp,quantile,0.025,856.4,COVID-19
DE-NW,00+,2021-11-16,2021-10-24,-23 day ahead inc hosp,quantile,0.025,858.3,COVID-19
DE-NW,00+,2021-11-16,2021-10-23,-24 day ahead inc hosp,quantile,0.025,827.6,COVID-19
DE-NW,00+,2021-11-16,2021-10-22,-25 day ahead inc hosp,quantile,0.025,768.4,COVID-19
DE-NW,00+,2021-11-16,2021-10-21,-26 day ahead inc hosp,quantile,0.025,739.3,COVID-19
DE-NW,00+,2021-11-16,2021-10-20,-27 day ahead inc hosp,quantile,0.025,664.6,COVID-19
DE-NW,00+,2021-11-16,2021-10-19,-28 day ahead inc hosp,quantile,0.025,629.6,COVID-19
DE-NW,00+,2021-11-16,2021-11-15,-1 day ahead inc hosp,quantile,0.975,1497.9,COVID-19
DE-NW,00+,2021-11-16,2021-11-14,-2 day ahead inc hosp,quantile,0.975,1470,COVID-19
DE-NW,00+,2021-11-16,2021-11-13,-3 day ahead inc hosp,quantile,0.975,1377.7,COVID-19
DE-NW,00+,2021-11-16,2021-11-12,-4 day ahead inc hosp,quantile,0.975,1317.5,COVID-19
DE-NW,00+,2021-11-16,2021-11-11,-5 day ahead inc hosp,quantile,0.975,1302.5,COVID-19
DE-NW,00+,2021-11-16,2021-11-10,-6 day ahead inc hosp,quantile,0.975,1279.7,COVID-19
DE-NW,00+,2021-11-16,2021-11-09,-7 day ahead inc hosp,quantile,0.975,1262,COVID-19
DE-NW,00+,2021-11-16,2021-11-08,-8 day ahead inc hosp,quantile,0.975,1167.4,COVID-19
DE-NW,00+,2021-11-16,2021-11-07,-9 day ahead inc hosp,quantile,0.975,1120.9,COVID-19
DE-NW,00+,2021-11-16,2021-11-06,-10 day ahead inc hosp,quantile,0.975,1092.5,COVID-19
DE-NW,00+,2021-11-16,2021-11-05,-11 day ahead inc hosp,quantile,0.975,1056.8,COVID-19
DE-NW,00+,2021-11-16,2021-11-04,-12 day ahead inc hosp,quantile,0.975,1011.9,COVID-19
DE-NW,00+,2021-11-16,2021-11-03,-13 day ahead inc hosp,quantile,0.975,1036,COVID-19
DE-NW,00+,2021-11-16,2021-11-02,-14 day ahead inc hosp,quantile,0.975,1014.9,COVID-19
DE-NW,00+,2021-11-16,2021-11-01,-15 day ahead inc hosp,quantile,0.975,1054.4,COVID-19
DE-NW,00+,2021-11-16,2021-10-31,-16 day ahead inc hosp,quantile,0.975,1038.9,COVID-19
DE-NW,00+,2021-11-16,2021-10-30,-17 day ahead inc hosp,quantile,0.975,1034,COVID-19
DE-NW,00+,2021-11-16,2021-10-29,-18 day ahead inc hosp,quantile,0.975,1018.9,COVID-19
DE-NW,00+,2021-11-16,2021-10-28,-19 day ahead inc hosp,quantile,0.975,987,COVID-19
DE-NW,00+,2021-11-16,2021-10-27,-20 day ahead inc hosp,quantile,0.975,915.8,COVID-19
DE-NW,00+,2021-11-16,2021-10-26,-21 day ahead inc hosp,quantile,0.975,885.1,COVID-19
DE-NW,00+,2021-11-16,2021-10-25,-22 day ahead inc hosp,quantile,0.975,868.8,COVID-19
DE-NW,00+,2021-11-16,2021-10-24,-23 day ahead inc hosp,quantile,0.975,870.2,COVID-19
DE-NW,00+,2021-11-16,2021-10-23,-24 day ahead inc hosp,quantile,0.975,838.5,COVID-19
DE-NW,00+,2021-11-16,2021-10-22,-25 day ahead inc hosp,quantile,0.975,777.5,COVID-19
DE-NW,00+,2021-11-16,2021-10-21,-26 day ahead inc hosp,quantile,0.975,747.4,COVID-19
DE-NW,00+,2021-11-16,2021-10-20,-27 day ahead inc hosp,quantile,0.975,671.6,COVID-19
DE-NW,00+,2021-11-16,2021-10-19,-28 day ahead inc hosp,quantile,0.975,636.2,COVID-19
DE-RP,00+,2021-11-16,2021-11-15,-1 day ahead inc hosp,mean,NA,326.3,COVID-19
DE-RP,00+,2021-11-16,2021-11-14,-2 day ahead inc hosp,mean,NA,288.5,COVID-19
DE-RP,00+,2021-11-16,2021-11-13,-3 day ahead inc hosp,mean,NA,290.7,COVID-19
DE-RP,00+,2021-11-16,2021-11-12,-4 day ahead inc hosp,mean,NA,269.6,COVID-19
DE-RP,00+,2021-11-16,2021-11-11,-5 day ahead inc hosp,mean,NA,266.8,COVID-19
DE-RP,00+,2021-11-16,2021-11-10,-6 day ahead inc hosp,mean,NA,303.5,COVID-19
DE-RP,00+,2021-11-16,2021-11-09,-7 day ahead inc hosp,mean,NA,300.4,COVID-19
DE-RP,00+,2021-11-16,2021-11-08,-8 day ahead inc hosp,mean,NA,273.4,COVID-19
DE-RP,00+,2021-11-16,2021-11-07,-9 day ahead inc hosp,mean,NA,283.9,COVID-19
DE-RP,00+,2021-11-16,2021-11-06,-10 day ahead inc hosp,mean,NA,260.7,COVID-19
DE-RP,00+,2021-11-16,2021-11-05,-11 day ahead inc hosp,mean,NA,252.3,COVID-19
DE-RP,00+,2021-11-16,2021-11-04,-12 day ahead inc hosp,mean,NA,228.6,COVID-19
DE-RP,00+,2021-11-16,2021-11-03,-13 day ahead inc hosp,mean,NA,216.5,COVID-19
DE-RP,00+,2021-11-16,2021-11-02,-14 day ahead inc hosp,mean,NA,199.5,COVID-19
DE-RP,00+,2021-11-16,2021-11-01,-15 day ahead inc hosp,mean,NA,222.9,COVID-19
DE-RP,00+,2021-11-16,2021-10-31,-16 day ahead inc hosp,mean,NA,224.4,COVID-19
DE-RP,00+,2021-11-16,2021-10-30,-17 day ahead inc hosp,mean,NA,226.9,COVID-19
DE-RP,00+,2021-11-16,2021-10-29,-18 day ahead inc hosp,mean,NA,229.3,COVID-19
DE-RP,00+,2021-11-16,2021-10-28,-19 day ahead inc hosp,mean,NA,223.3,COVID-19
DE-RP,00+,2021-11-16,2021-10-27,-20 day ahead inc hosp,mean,NA,206.5,COVID-19
DE-RP,00+,2021-11-16,2021-10-26,-21 day ahead inc hosp,mean,NA,220.1,COVID-19
DE-RP,00+,2021-11-16,2021-10-25,-22 day ahead inc hosp,mean,NA,221,COVID-19
DE-RP,00+,2021-11-16,2021-10-24,-23 day ahead inc hosp,mean,NA,206.8,COVID-19
DE-RP,00+,2021-11-16,2021-10-23,-24 day ahead inc hosp,mean,NA,195.8,COVID-19
DE-RP,00+,2021-11-16,2021-10-22,-25 day ahead inc hosp,mean,NA,171.7,COVID-19
DE-RP,00+,2021-11-16,2021-10-21,-26 day ahead inc hosp,mean,NA,159.8,COVID-19
DE-RP,00+,2021-11-16,2021-10-20,-27 day ahead inc hosp,mean,NA,149,COVID-19
DE-RP,00+,2021-11-16,2021-10-19,-28 day ahead inc hosp,mean,NA,120.2,COVID-19
DE-RP,00+,2021-11-16,2021-11-15,-1 day ahead inc hosp,quantile,0.025,279.5,COVID-19
DE-RP,00+,2021-11-16,2021-11-14,-2 day ahead inc hosp,quantile,0.025,253,COVID-19
DE-RP,00+,2021-11-16,2021-11-13,-3 day ahead inc hosp,quantile,0.025,260.9,COVID-19
DE-RP,00+,2021-11-16,2021-11-12,-4 day ahead inc hosp,quantile,0.025,249.4,COVID-19
DE-RP,00+,2021-11-16,2021-11-11,-5 day ahead inc hosp,quantile,0.025,251.3,COVID-19
DE-RP,00+,2021-11-16,2021-11-10,-6 day ahead inc hosp,quantile,0.025,287.7,COVID-19
DE-RP,00+,2021-11-16,2021-11-09,-7 day ahead inc hosp,quantile,0.025,286.3,COVID-19
DE-RP,00+,2021-11-16,2021-11-08,-8 day ahead inc hosp,quantile,0.025,260.6,COVID-19
DE-RP,00+,2021-11-16,2021-11-07,-9 day ahead inc hosp,quantile,0.025,271,COVID-19
DE-RP,00+,2021-11-16,2021-11-06,-10 day ahead inc hosp,quantile,0.025,249.8,COVID-19
DE-RP,00+,2021-11-16,2021-11-05,-11 day ahead inc hosp,quantile,0.025,243.1,COVID-19
DE-RP,00+,2021-11-16,2021-11-04,-12 day ahead inc hosp,quantile,0.025,221.2,COVID-19
DE-RP,00+,2021-11-16,2021-11-03,-13 day ahead inc hosp,quantile,0.025,210.5,COVID-19
DE-RP,00+,2021-11-16,2021-11-02,-14 day ahead inc hosp,quantile,0.025,194.4,COVID-19
DE-RP,00+,2021-11-16,2021-11-01,-15 day ahead inc hosp,quantile,0.025,217.6,COVID-19
DE-RP,00+,2021-11-16,2021-10-31,-16 day ahead inc hosp,quantile,0.025,219.4,COVID-19
DE-RP,00+,2021-11-16,2021-10-30,-17 day ahead inc hosp,quantile,0.025,222.1,COVID-19
DE-RP,00+,2021-11-16,2021-10-29,-18 day ahead inc hosp,quantile,0.025,225.1,COVID-19
DE-RP,00+,2021-11-16,2021-10-28,-19 day ahead inc hosp,quantile,0.025,219.6,COVID-19
DE-RP,00+,2021-11-16,2021-10-27,-20 day ahead inc hosp,quantile,0.025,203.5,COVID-19
DE-RP,00+,2021-11-16,2021-10-26,-21 day ahead inc hosp,quantile,0.025,217.3,COVID-19
DE-RP,00+,2021-11-16,2021-10-25,-22 day ahead inc hosp,quantile,0.025,218.4,COVID-19
DE-RP,00+,2021-11-16,2021-10-24,-23 day ahead inc hosp,quantile,0.025,204.5,COVID-19
DE-RP,00+,2021-11-16,2021-10-23,-24 day ahead inc hosp,quantile,0.025,193.7,COVID-19
DE-RP,00+,2021-11-16,2021-10-22,-25 day ahead inc hosp,quantile,0.025,170.2,COVID-19
DE-RP,00+,2021-11-16,2021-10-21,-26 day ahead inc hosp,quantile,0.025,158.6,COVID-19
DE-RP,00+,2021-11-16,2021-10-20,-27 day ahead inc hosp,quantile,0.025,148.1,COVID-19
DE-RP,00+,2021-11-16,2021-10-19,-28 day ahead inc hosp,quantile,0.025,119.6,COVID-19
DE-RP,00+,2021-11-16,2021-11-15,-1 day ahead inc hosp,quantile,0.975,419.1,COVID-19
DE-RP,00+,2021-11-16,2021-11-14,-2 day ahead inc hosp,quantile,0.975,354.5,COVID-19
DE-RP,00+,2021-11-16,2021-11-13,-3 day ahead inc hosp,quantile,0.975,345,COVID-19
DE-RP,00+,2021-11-16,2021-11-12,-4 day ahead inc hosp,quantile,0.975,305.4,COVID-19
DE-RP,00+,2021-11-16,2021-11-11,-5 day ahead inc hosp,quantile,0.975,294.8,COVID-19
DE-RP,00+,2021-11-16,2021-11-10,-6 day ahead inc hosp,quantile,0.975,331.9,COVID-19
DE-RP,00+,2021-11-16,2021-11-09,-7 day ahead inc hosp,quantile,0.975,325.9,COVID-19
DE-RP,00+,2021-11-16,2021-11-08,-8 day ahead inc hosp,quantile,0.975,297.1,COVID-19
DE-RP,00+,2021-11-16,2021-11-07,-9 day ahead inc hosp,quantile,0.975,308,COVID-19
DE-RP,00+,2021-11-16,2021-11-06,-10 day ahead inc hosp,quantile,0.975,280.6,COVID-19
DE-RP,00+,2021-11-16,2021-11-05,-11 day ahead inc hosp,quantile,0.975,269.6,COVID-19
DE-RP,00+,2021-11-16,2021-11-04,-12 day ahead inc hosp,quantile,0.975,242.9,COVID-19
DE-RP,00+,2021-11-16,2021-11-03,-13 day ahead inc hosp,quantile,0.975,228.5,COVID-19
DE-RP,00+,2021-11-16,2021-11-02,-14 day ahead inc hosp,quantile,0.975,210.1,COVID-19
DE-RP,00+,2021-11-16,2021-11-01,-15 day ahead inc hosp,quantile,0.975,233.9,COVID-19
DE-RP,00+,2021-11-16,2021-10-31,-16 day ahead inc hosp,quantile,0.975,234.9,COVID-19
DE-RP,00+,2021-11-16,2021-10-30,-17 day ahead inc hosp,quantile,0.975,237.5,COVID-19
DE-RP,00+,2021-11-16,2021-10-29,-18 day ahead inc hosp,quantile,0.975,238.7,COVID-19
DE-RP,00+,2021-11-16,2021-10-28,-19 day ahead inc hosp,quantile,0.975,231.9,COVID-19
DE-RP,00+,2021-11-16,2021-10-27,-20 day ahead inc hosp,quantile,0.975,213.9,COVID-19
DE-RP,00+,2021-11-16,2021-10-26,-21 day ahead inc hosp,quantile,0.975,227.5,COVID-19
DE-RP,00+,2021-11-16,2021-10-25,-22 day ahead inc hosp,quantile,0.975,228.1,COVID-19
DE-RP,00+,2021-11-16,2021-10-24,-23 day ahead inc hosp,quantile,0.975,213.2,COVID-19
DE-RP,00+,2021-11-16,2021-10-23,-24 day ahead inc hosp,quantile,0.975,201.4,COVID-19
DE-RP,00+,2021-11-16,2021-10-22,-25 day ahead inc hosp,quantile,0.975,176.1,COVID-19
DE-RP,00+,2021-11-16,2021-10-21,-26 day ahead inc hosp,quantile,0.975,163.5,COVID-19
DE-RP,00+,2021-11-16,2021-10-20,-27 day ahead inc hosp,quantile,0.975,152.2,COVID-19
DE-RP,00+,2021-11-16,2021-10-19,-28 day ahead inc hosp,quantile,0.975,122.8,COVID-19
DE-SH,00+,2021-11-16,2021-11-15,-1 day ahead inc hosp,mean,NA,109.9,COVID-19
DE-SH,00+,2021-11-16,2021-11-14,-2 day ahead inc hosp,mean,NA,114,COVID-19
DE-SH,00+,2021-11-16,2021-11-13,-3 day ahead inc hosp,mean,NA,114.9,COVID-19
DE-SH,00+,2021-11-16,2021-11-12,-4 day ahead inc hosp,mean,NA,118.2,COVID-19
DE-SH,00+,2021-11-16,2021-11-11,-5 day ahead inc hosp,mean,NA,113.2,COVID-19
DE-SH,00+,2021-11-16,2021-11-10,-6 day ahead inc hosp,mean,NA,101.7,COVID-19
DE-SH,00+,2021-11-16,2021-11-09,-7 day ahead inc hosp,mean,NA,85.3,COVID-19
DE-SH,00+,2021-11-16,2021-11-08,-8 day ahead inc hosp,mean,NA,80.2,COVID-19
DE-SH,00+,2021-11-16,2021-11-07,-9 day ahead inc hosp,mean,NA,78.6,COVID-19
DE-SH,00+,2021-11-16,2021-11-06,-10 day ahead inc hosp,mean,NA,82.3,COVID-19
DE-SH,00+,2021-11-16,2021-11-05,-11 day ahead inc hosp,mean,NA,75.7,COVID-19
DE-SH,00+,2021-11-16,2021-11-04,-12 day ahead inc hosp,mean,NA,76.7,COVID-19
DE-SH,00+,2021-11-16,2021-11-03,-13 day ahead inc hosp,mean,NA,80.4,COVID-19
DE-SH,00+,2021-11-16,2021-11-02,-14 day ahead inc hosp,mean,NA,84.9,COVID-19
DE-SH,00+,2021-11-16,2021-11-01,-15 day ahead inc hosp,mean,NA,81.6,COVID-19
DE-SH,00+,2021-11-16,2021-10-31,-16 day ahead inc hosp,mean,NA,80.4,COVID-19
DE-SH,00+,2021-11-16,2021-10-30,-17 day ahead inc hosp,mean,NA,79,COVID-19
DE-SH,00+,2021-11-16,2021-10-29,-18 day ahead inc hosp,mean,NA,80.6,COVID-19
DE-SH,00+,2021-11-16,2021-10-28,-19 day ahead inc hosp,mean,NA,82.2,COVID-19
DE-SH,00+,2021-11-16,2021-10-27,-20 day ahead inc hosp,mean,NA,82,COVID-19
DE-SH,00+,2021-11-16,2021-10-26,-21 day ahead inc hosp,mean,NA,83.8,COVID-19
DE-SH,00+,2021-11-16,2021-10-25,-22 day ahead inc hosp,mean,NA,94.8,COVID-19
DE-SH,00+,2021-11-16,2021-10-24,-23 day ahead inc hosp,mean,NA,93.7,COVID-19
DE-SH,00+,2021-11-16,2021-10-23,-24 day ahead inc hosp,mean,NA,90.6,COVID-19
DE-SH,00+,2021-11-16,2021-10-22,-25 day ahead inc hosp,mean,NA,85.5,COVID-19
DE-SH,00+,2021-11-16,2021-10-21,-26 day ahead inc hosp,mean,NA,74.3,COVID-19
DE-SH,00+,2021-11-16,2021-10-20,-27 day ahead inc hosp,mean,NA,69.3,COVID-19
DE-SH,00+,2021-11-16,2021-10-19,-28 day ahead inc hosp,mean,NA,58.2,COVID-19
DE-SH,00+,2021-11-16,2021-11-15,-1 day ahead inc hosp,quantile,0.025,103.7,COVID-19
DE-SH,00+,2021-11-16,2021-11-14,-2 day ahead inc hosp,quantile,0.025,107.8,COVID-19
DE-SH,00+,2021-11-16,2021-11-13,-3 day ahead inc hosp,quantile,0.025,109,COVID-19
DE-SH,00+,2021-11-16,2021-11-12,-4 day ahead inc hosp,quantile,0.025,113.2,COVID-19
DE-SH,00+,2021-11-16,2021-11-11,-5 day ahead inc hosp,quantile,0.025,109.4,COVID-19
DE-SH,00+,2021-11-16,2021-11-10,-6 day ahead inc hosp,quantile,0.025,98.6,COVID-19
DE-SH,00+,2021-11-16,2021-11-09,-7 day ahead inc hosp,quantile,0.025,83.1,COVID-19
DE-SH,00+,2021-11-16,2021-11-08,-8 day ahead inc hosp,quantile,0.025,78.2,COVID-19
DE-SH,00+,2021-11-16,2021-11-07,-9 day ahead inc hosp,quantile,0.025,76.8,COVID-19
DE-SH,00+,2021-11-16,2021-11-06,-10 day ahead inc hosp,quantile,0.025,80.5,COVID-19
DE-SH,00+,2021-11-16,2021-11-05,-11 day ahead inc hosp,quantile,0.025,74.4,COVID-19
DE-SH,00+,2021-11-16,2021-11-04,-12 day ahead inc hosp,quantile,0.025,75.5,COVID-19
DE-SH,00+,2021-11-16,2021-11-03,-13 day ahead inc hosp,quantile,0.025,79.3,COVID-19
DE-SH,00+,2021-11-16,2021-11-02,-14 day ahead inc hosp,quantile,0.025,83.9,COVID-19
DE-SH,00+,2021-11-16,2021-11-01,-15 day ahead inc hosp,quantile,0.025,80.7,COVID-19
DE-SH,00+,2021-11-16,2021-10-31,-16 day ahead inc hosp,quantile,0.025,79.5,COVID-19
DE-SH,00+,2021-11-16,2021-10-30,-17 day ahead inc hosp,quantile,0.025,78.2,COVID-19
DE-SH,00+,2021-11-16,2021-10-29,-18 day ahead inc hosp,quantile,0.025,79.9,COVID-19
DE-SH,00+,2021-11-16,2021-10-28,-19 day ahead inc hosp,quantile,0.025,81.6,COVID-19
DE-SH,00+,2021-11-16,2021-10-27,-20 day ahead inc hosp,quantile,0.025,81.4,COVID-19
DE-SH,00+,2021-11-16,2021-10-26,-21 day ahead inc hosp,quantile,0.025,83.3,COVID-19
DE-SH,00+,2021-11-16,2021-10-25,-22 day ahead inc hosp,quantile,0.025,94.3,COVID-19
DE-SH,00+,2021-11-16,2021-10-24,-23 day ahead inc hosp,quantile,0.025,93.2,COVID-19
DE-SH,00+,2021-11-16,2021-10-23,-24 day ahead inc hosp,quantile,0.025,90.2,COVID-19
DE-SH,00+,2021-11-16,2021-10-22,-25 day ahead inc hosp,quantile,0.025,85.1,COVID-19
DE-SH,00+,2021-11-16,2021-10-21,-26 day ahead inc hosp,quantile,0.025,74.1,COVID-19
DE-SH,00+,2021-11-16,2021-10-20,-27 day ahead inc hosp,quantile,0.025,69.1,COVID-19
DE-SH,00+,2021-11-16,2021-10-19,-28 day ahead inc hosp,quantile,0.025,58,COVID-19
DE-SH,00+,2021-11-16,2021-11-15,-1 day ahead inc hosp,quantile,0.975,125.7,COVID-19
DE-SH,00+,2021-11-16,2021-11-14,-2 day ahead inc hosp,quantile,0.975,130,COVID-19
DE-SH,00+,2021-11-16,2021-11-13,-3 day ahead inc hosp,quantile,0.975,130,COVID-19
DE-SH,00+,2021-11-16,2021-11-12,-4 day ahead inc hosp,quantile,0.975,132.6,COVID-19
DE-SH,00+,2021-11-16,2021-11-11,-5 day ahead inc hosp,quantile,0.975,125.3,COVID-19
DE-SH,00+,2021-11-16,2021-11-10,-6 day ahead inc hosp,quantile,0.975,112.2,COVID-19
DE-SH,00+,2021-11-16,2021-11-09,-7 day ahead inc hosp,quantile,0.975,94.7,COVID-19
DE-SH,00+,2021-11-16,2021-11-08,-8 day ahead inc hosp,quantile,0.975,88.8,COVID-19
DE-SH,00+,2021-11-16,2021-11-07,-9 day ahead inc hosp,quantile,0.975,87.4,COVID-19
DE-SH,00+,2021-11-16,2021-11-06,-10 day ahead inc hosp,quantile,0.975,92.3,COVID-19
DE-SH,00+,2021-11-16,2021-11-05,-11 day ahead inc hosp,quantile,0.975,85.1,COVID-19
DE-SH,00+,2021-11-16,2021-11-04,-12 day ahead inc hosp,quantile,0.975,86.1,COVID-19
DE-SH,00+,2021-11-16,2021-11-03,-13 day ahead inc hosp,quantile,0.975,90.9,COVID-19
DE-SH,00+,2021-11-16,2021-11-02,-14 day ahead inc hosp,quantile,0.975,96,COVID-19
DE-SH,00+,2021-11-16,2021-11-01,-15 day ahead inc hosp,quantile,0.975,92.7,COVID-19
DE-SH,00+,2021-11-16,2021-10-31,-16 day ahead inc hosp,quantile,0.975,91.2,COVID-19
DE-SH,00+,2021-11-16,2021-10-30,-17 day ahead inc hosp,quantile,0.975,89.4,COVID-19
DE-SH,00+,2021-11-16,2021-10-29,-18 day ahead inc hosp,quantile,0.975,91.5,COVID-19
DE-SH,00+,2021-11-16,2021-10-28,-19 day ahead inc hosp,quantile,0.975,94.8,COVID-19
DE-SH,00+,2021-11-16,2021-10-27,-20 day ahead inc hosp,quantile,0.975,95.4,COVID-19
DE-SH,00+,2021-11-16,2021-10-26,-21 day ahead inc hosp,quantile,0.975,97.3,COVID-19
DE-SH,00+,2021-11-16,2021-10-25,-22 day ahead inc hosp,quantile,0.975,109.2,COVID-19
DE-SH,00+,2021-11-16,2021-10-24,-23 day ahead inc hosp,quantile,0.975,107.6,COVID-19
DE-SH,00+,2021-11-16,2021-10-23,-24 day ahead inc hosp,quantile,0.975,104.2,COVID-19
DE-SH,00+,2021-11-16,2021-10-22,-25 day ahead inc hosp,quantile,0.975,96.9,COVID-19
DE-SH,00+,2021-11-16,2021-10-21,-26 day ahead inc hosp,quantile,0.975,82.6,COVID-19
DE-SH,00+,2021-11-16,2021-10-20,-27 day ahead inc hosp,quantile,0.975,76.3,COVID-19
DE-SH,00+,2021-11-16,2021-10-19,-28 day ahead inc hosp,quantile,0.975,64.5,COVID-19
DE-SL,00+,2021-11-16,2021-11-15,-1 day ahead inc hosp,mean,NA,36.4,COVID-19
DE-SL,00+,2021-11-16,2021-11-14,-2 day ahead inc hosp,mean,NA,41,COVID-19
DE-SL,00+,2021-11-16,2021-11-13,-3 day ahead inc hosp,mean,NA,42.6,COVID-19
DE-SL,00+,2021-11-16,2021-11-12,-4 day ahead inc hosp,mean,NA,41.9,COVID-19
DE-SL,00+,2021-11-16,2021-11-11,-5 day ahead inc hosp,mean,NA,43.9,COVID-19
DE-SL,00+,2021-11-16,2021-11-10,-6 day ahead inc hosp,mean,NA,38.8,COVID-19
DE-SL,00+,2021-11-16,2021-11-09,-7 day ahead inc hosp,mean,NA,33.3,COVID-19
DE-SL,00+,2021-11-16,2021-11-08,-8 day ahead inc hosp,mean,NA,28.9,COVID-19
DE-SL,00+,2021-11-16,2021-11-07,-9 day ahead inc hosp,mean,NA,24.3,COVID-19
DE-SL,00+,2021-11-16,2021-11-06,-10 day ahead inc hosp,mean,NA,24,COVID-19
DE-SL,00+,2021-11-16,2021-11-05,-11 day ahead inc hosp,mean,NA,23.8,COVID-19
DE-SL,00+,2021-11-16,2021-11-04,-12 day ahead inc hosp,mean,NA,20.4,COVID-19
DE-SL,00+,2021-11-16,2021-11-03,-13 day ahead inc hosp,mean,NA,18,COVID-19
DE-SL,00+,2021-11-16,2021-11-02,-14 day ahead inc hosp,mean,NA,15.6,COVID-19
DE-SL,00+,2021-11-16,2021-11-01,-15 day ahead inc hosp,mean,NA,17.6,COVID-19
DE-SL,00+,2021-11-16,2021-10-31,-16 day ahead inc hosp,mean,NA,18.6,COVID-19
DE-SL,00+,2021-11-16,2021-10-30,-17 day ahead inc hosp,mean,NA,19.5,COVID-19
DE-SL,00+,2021-11-16,2021-10-29,-18 day ahead inc hosp,mean,NA,16.4,COVID-19
DE-SL,00+,2021-11-16,2021-10-28,-19 day ahead inc hosp,mean,NA,18.3,COVID-19
DE-SL,00+,2021-11-16,2021-10-27,-20 day ahead inc hosp,mean,NA,21.2,COVID-19
DE-SL,00+,2021-11-16,2021-10-26,-21 day ahead inc hosp,mean,NA,20.1,COVID-19
DE-SL,00+,2021-11-16,2021-10-25,-22 day ahead inc hosp,mean,NA,22.1,COVID-19
DE-SL,00+,2021-11-16,2021-10-24,-23 day ahead inc hosp,mean,NA,21.1,COVID-19
DE-SL,00+,2021-11-16,2021-10-23,-24 day ahead inc hosp,mean,NA,20,COVID-19
DE-SL,00+,2021-11-16,2021-10-22,-25 day ahead inc hosp,mean,NA,23,COVID-19
DE-SL,00+,2021-11-16,2021-10-21,-26 day ahead inc hosp,mean,NA,23,COVID-19
DE-SL,00+,2021-11-16,2021-10-20,-27 day ahead inc hosp,mean,NA,21,COVID-19
DE-SL,00+,2021-11-16,2021-10-19,-28 day ahead inc hosp,mean,NA,20,COVID-19
DE-SN,00+,2021-11-16,2021-11-15,-1 day ahead inc hosp,mean,NA,608.7,COVID-19
DE-SN,00+,2021-11-16,2021-11-14,-2 day ahead inc hosp,mean,NA,589.5,COVID-19
DE-SN,00+,2021-11-16,2021-11-13,-3 day ahead inc hosp,mean,NA,589.2,COVID-19
DE-SN,00+,2021-11-16,2021-11-12,-4 day ahead inc hosp,mean,NA,585.3,COVID-19
DE-SN,00+,2021-11-16,2021-11-11,-5 day ahead inc hosp,mean,NA,595.3,COVID-19
DE-SN,00+,2021-11-16,2021-11-10,-6 day ahead inc hosp,mean,NA,572.4,COVID-19
DE-SN,00+,2021-11-16,2021-11-09,-7 day ahead inc hosp,mean,NA,610.6,COVID-19
DE-SN,00+,2021-11-16,2021-11-08,-8 day ahead inc hosp,mean,NA,625.3,COVID-19
DE-SN,00+,2021-11-16,2021-11-07,-9 day ahead inc hosp,mean,NA,629.4,COVID-19
DE-SN,00+,2021-11-16,2021-11-06,-10 day ahead inc hosp,mean,NA,634.4,COVID-19
DE-SN,00+,2021-11-16,2021-11-05,-11 day ahead inc hosp,mean,NA,626.8,COVID-19
DE-SN,00+,2021-11-16,2021-11-04,-12 day ahead inc hosp,mean,NA,617.4,COVID-19
DE-SN,00+,2021-11-16,2021-11-03,-13 day ahead inc hosp,mean,NA,587.8,COVID-19
DE-SN,00+,2021-11-16,2021-11-02,-14 day ahead inc hosp,mean,NA,537.3,COVID-19
DE-SN,00+,2021-11-16,2021-11-01,-15 day ahead inc hosp,mean,NA,506.7,COVID-19
DE-SN,00+,2021-11-16,2021-10-31,-16 day ahead inc hosp,mean,NA,499,COVID-19
DE-SN,00+,2021-11-16,2021-10-30,-17 day ahead inc hosp,mean,NA,469.4,COVID-19
DE-SN,00+,2021-11-16,2021-10-29,-18 day ahead inc hosp,mean,NA,471.4,COVID-19
DE-SN,00+,2021-11-16,2021-10-28,-19 day ahead inc hosp,mean,NA,439.6,COVID-19
DE-SN,00+,2021-11-16,2021-10-27,-20 day ahead inc hosp,mean,NA,412.5,COVID-19
DE-SN,00+,2021-11-16,2021-10-26,-21 day ahead inc hosp,mean,NA,357.3,COVID-19
DE-SN,00+,2021-11-16,2021-10-25,-22 day ahead inc hosp,mean,NA,328.5,COVID-19
DE-SN,00+,2021-11-16,2021-10-24,-23 day ahead inc hosp,mean,NA,321.4,COVID-19
DE-SN,00+,2021-11-16,2021-10-23,-24 day ahead inc hosp,mean,NA,306,COVID-19
DE-SN,00+,2021-11-16,2021-10-22,-25 day ahead inc hosp,mean,NA,260.6,COVID-19
DE-SN,00+,2021-11-16,2021-10-21,-26 day ahead inc hosp,mean,NA,226.3,COVID-19
DE-SN,00+,2021-11-16,2021-10-20,-27 day ahead inc hosp,mean,NA,210.2,COVID-19
DE-SN,00+,2021-11-16,2021-10-19,-28 day ahead inc hosp,mean,NA,204.2,COVID-19
DE-SN,00+,2021-11-16,2021-11-15,-1 day ahead inc hosp,quantile,0.025,564.2,COVID-19
DE-SN,00+,2021-11-16,2021-11-14,-2 day ahead inc hosp,quantile,0.025,551.1,COVID-19
DE-SN,00+,2021-11-16,2021-11-13,-3 day ahead inc hosp,quantile,0.025,558.8,COVID-19
DE-SN,00+,2021-11-16,2021-11-12,-4 day ahead inc hosp,quantile,0.025,562.1,COVID-19
DE-SN,00+,2021-11-16,2021-11-11,-5 day ahead inc hosp,quantile,0.025,575.8,COVID-19
DE-SN,00+,2021-11-16,2021-11-10,-6 day ahead inc hosp,quantile,0.025,557.2,COVID-19
DE-SN,00+,2021-11-16,2021-11-09,-7 day ahead inc hosp,quantile,0.025,597.4,COVID-19
DE-SN,00+,2021-11-16,2021-11-08,-8 day ahead inc hosp,quantile,0.025,613,COVID-19
DE-SN,00+,2021-11-16,2021-11-07,-9 day ahead inc hosp,quantile,0.025,617.2,COVID-19
DE-SN,00+,2021-11-16,2021-11-06,-10 day ahead inc hosp,quantile,0.025,623.5,COVID-19
DE-SN,00+,2021-11-16,2021-11-05,-11 day ahead inc hosp,quantile,0.025,617.3,COVID-19
DE-SN,00+,2021-11-16,2021-11-04,-12 day ahead inc hosp,quantile,0.025,609.3,COVID-19
DE-SN,00+,2021-11-16,2021-11-03,-13 day ahead inc hosp,quantile,0.025,580.8,COVID-19
DE-SN,00+,2021-11-16,2021-11-02,-14 day ahead inc hosp,quantile,0.025,532.2,COVID-19
DE-SN,00+,2021-11-16,2021-11-01,-15 day ahead inc hosp,quantile,0.025,502.2,COVID-19
DE-SN,00+,2021-11-16,2021-10-31,-16 day ahead inc hosp,quantile,0.025,494.7,COVID-19
DE-SN,00+,2021-11-16,2021-10-30,-17 day ahead inc hosp,quantile,0.025,466.1,COVID-19
DE-SN,00+,2021-11-16,2021-10-29,-18 day ahead inc hosp,quantile,0.025,468.8,COVID-19
DE-SN,00+,2021-11-16,2021-10-28,-19 day ahead inc hosp,quantile,0.025,437.7,COVID-19
DE-SN,00+,2021-11-16,2021-10-27,-20 day ahead inc hosp,quantile,0.025,411,COVID-19
DE-SN,00+,2021-11-16,2021-10-26,-21 day ahead inc hosp,quantile,0.025,356.3,COVID-19
DE-SN,00+,2021-11-16,2021-10-25,-22 day ahead inc hosp,quantile,0.025,327.8,COVID-19
DE-SN,00+,2021-11-16,2021-10-24,-23 day ahead inc hosp,quantile,0.025,320.7,COVID-19
DE-SN,00+,2021-11-16,2021-10-23,-24 day ahead inc hosp,quantile,0.025,305.4,COVID-19
DE-SN,00+,2021-11-16,2021-10-22,-25 day ahead inc hosp,quantile,0.025,260.2,COVID-19
DE-SN,00+,2021-11-16,2021-10-21,-26 day ahead inc hosp,quantile,0.025,226.1,COVID-19
DE-SN,00+,2021-11-16,2021-10-20,-27 day ahead inc hosp,quantile,0.025,210.1,COVID-19
DE-SN,00+,2021-11-16,2021-10-19,-28 day ahead inc hosp,quantile,0.025,204,COVID-19
DE-SN,00+,2021-11-16,2021-11-15,-1 day ahead inc hosp,quantile,0.975,683.7,COVID-19
DE-SN,00+,2021-11-16,2021-11-14,-2 day ahead inc hosp,quantile,0.975,654.1,COVID-19
DE-SN,00+,2021-11-16,2021-11-13,-3 day ahead inc hosp,quantile,0.975,640.7,COVID-19
DE-SN,00+,2021-11-16,2021-11-12,-4 day ahead inc hosp,quantile,0.975,627.7,COVID-19
DE-SN,00+,2021-11-16,2021-11-11,-5 day ahead inc hosp,quantile,0.975,633.5,COVID-19
DE-SN,00+,2021-11-16,2021-11-10,-6 day ahead inc hosp,quantile,0.975,605.5,COVID-19
DE-SN,00+,2021-11-16,2021-11-09,-7 day ahead inc hosp,quantile,0.975,642.1,COVID-19
DE-SN,00+,2021-11-16,2021-11-08,-8 day ahead inc hosp,quantile,0.975,656.3,COVID-19
DE-SN,00+,2021-11-16,2021-11-07,-9 day ahead inc hosp,quantile,0.975,660.5,COVID-19
DE-SN,00+,2021-11-16,2021-11-06,-10 day ahead inc hosp,quantile,0.975,664.1,COVID-19
DE-SN,00+,2021-11-16,2021-11-05,-11 day ahead inc hosp,quantile,0.975,653.5,COVID-19
DE-SN,00+,2021-11-16,2021-11-04,-12 day ahead inc hosp,quantile,0.975,641.8,COVID-19
DE-SN,00+,2021-11-16,2021-11-03,-13 day ahead inc hosp,quantile,0.975,610.8,COVID-19
DE-SN,00+,2021-11-16,2021-11-02,-14 day ahead inc hosp,quantile,0.975,558.7,COVID-19
DE-SN,00+,2021-11-16,2021-11-01,-15 day ahead inc hosp,quantile,0.975,527.1,COVID-19
DE-SN,00+,2021-11-16,2021-10-31,-16 day ahead inc hosp,quantile,0.975,519,COVID-19
DE-SN,00+,2021-11-16,2021-10-30,-17 day ahead inc hosp,quantile,0.975,487.6,COVID-19
DE-SN,00+,2021-11-16,2021-10-29,-18 day ahead inc hosp,quantile,0.975,489.9,COVID-19
DE-SN,00+,2021-11-16,2021-10-28,-19 day ahead inc hosp,quantile,0.975,455.1,COVID-19
DE-SN,00+,2021-11-16,2021-10-27,-20 day ahead inc hosp,quantile,0.975,426.7,COVID-19
DE-SN,00+,2021-11-16,2021-10-26,-21 day ahead inc hosp,quantile,0.975,370.8,COVID-19
DE-SN,00+,2021-11-16,2021-10-25,-22 day ahead inc hosp,quantile,0.975,341.5,COVID-19
DE-SN,00+,2021-11-16,2021-10-24,-23 day ahead inc hosp,quantile,0.975,334.1,COVID-19
DE-SN,00+,2021-11-16,2021-10-23,-24 day ahead inc hosp,quantile,0.975,317.5,COVID-19
DE-SN,00+,2021-11-16,2021-10-22,-25 day ahead inc hosp,quantile,0.975,268.7,COVID-19
DE-SN,00+,2021-11-16,2021-10-21,-26 day ahead inc hosp,quantile,0.975,232.3,COVID-19
DE-SN,00+,2021-11-16,2021-10-20,-27 day ahead inc hosp,quantile,0.975,215.7,COVID-19
DE-SN,00+,2021-11-16,2021-10-19,-28 day ahead inc hosp,quantile,0.975,209.6,COVID-19
DE-ST,00+,2021-11-16,2021-11-15,-1 day ahead inc hosp,mean,NA,338,COVID-19
DE-ST,00+,2021-11-16,2021-11-14,-2 day ahead inc hosp,mean,NA,333.1,COVID-19
DE-ST,00+,2021-11-16,2021-11-13,-3 day ahead inc hosp,mean,NA,272.8,COVID-19
DE-ST,00+,2021-11-16,2021-11-12,-4 day ahead inc hosp,mean,NA,232.6,COVID-19
DE-ST,00+,2021-11-16,2021-11-11,-5 day ahead inc hosp,mean,NA,221.4,COVID-19
DE-ST,00+,2021-11-16,2021-11-10,-6 day ahead inc hosp,mean,NA,216.3,COVID-19
DE-ST,00+,2021-11-16,2021-11-09,-7 day ahead inc hosp,mean,NA,214.4,COVID-19
DE-ST,00+,2021-11-16,2021-11-08,-8 day ahead inc hosp,mean,NA,203,COVID-19
DE-ST,00+,2021-11-16,2021-11-07,-9 day ahead inc hosp,mean,NA,203.5,COVID-19
DE-ST,00+,2021-11-16,2021-11-06,-10 day ahead inc hosp,mean,NA,193.3,COVID-19
DE-ST,00+,2021-11-16,2021-11-05,-11 day ahead inc hosp,mean,NA,195.9,COVID-19
DE-ST,00+,2021-11-16,2021-11-04,-12 day ahead inc hosp,mean,NA,190.2,COVID-19
DE-ST,00+,2021-11-16,2021-11-03,-13 day ahead inc hosp,mean,NA,186.5,COVID-19
DE-ST,00+,2021-11-16,2021-11-02,-14 day ahead inc hosp,mean,NA,168.9,COVID-19
DE-ST,00+,2021-11-16,2021-11-01,-15 day ahead inc hosp,mean,NA,152.8,COVID-19
DE-ST,00+,2021-11-16,2021-10-31,-16 day ahead inc hosp,mean,NA,154.4,COVID-19
DE-ST,00+,2021-11-16,2021-10-30,-17 day ahead inc hosp,mean,NA,158.9,COVID-19
DE-ST,00+,2021-11-16,2021-10-29,-18 day ahead inc hosp,mean,NA,128.6,COVID-19
DE-ST,00+,2021-11-16,2021-10-28,-19 day ahead inc hosp,mean,NA,123.4,COVID-19
DE-ST,00+,2021-11-16,2021-10-27,-20 day ahead inc hosp,mean,NA,103.1,COVID-19
DE-ST,00+,2021-11-16,2021-10-26,-21 day ahead inc hosp,mean,NA,98.3,COVID-19
DE-ST,00+,2021-11-16,2021-10-25,-22 day ahead inc hosp,mean,NA,100.2,COVID-19
DE-ST,00+,2021-11-16,2021-10-24,-23 day ahead inc hosp,mean,NA,99.1,COVID-19
DE-ST,00+,2021-11-16,2021-10-23,-24 day ahead inc hosp,mean,NA,88.7,COVID-19
DE-ST,00+,2021-11-16,2021-10-22,-25 day ahead inc hosp,mean,NA,91.6,COVID-19
DE-ST,00+,2021-11-16,2021-10-21,-26 day ahead inc hosp,mean,NA,80.4,COVID-19
DE-ST,00+,2021-11-16,2021-10-20,-27 day ahead inc hosp,mean,NA,76.3,COVID-19
DE-ST,00+,2021-11-16,2021-10-19,-28 day ahead inc hosp,mean,NA,71.2,COVID-19
DE-TH,00+,2021-11-16,2021-11-15,-1 day ahead inc hosp,mean,NA,627,COVID-19
DE-TH,00+,2021-11-16,2021-11-14,-2 day ahead inc hosp,mean,NA,631.6,COVID-19
DE-TH,00+,2021-11-16,2021-11-13,-3 day ahead inc hosp,mean,NA,617.2,COVID-19
DE-TH,00+,2021-11-16,2021-11-12,-4 day ahead inc hosp,mean,NA,585.3,COVID-19
DE-TH,00+,2021-11-16,2021-11-11,-5 day ahead inc hosp,mean,NA,563.5,COVID-19
DE-TH,00+,2021-11-16,2021-11-10,-6 day ahead inc hosp,mean,NA,560.7,COVID-19
DE-TH,00+,2021-11-16,2021-11-09,-7 day ahead inc hosp,mean,NA,568.7,COVID-19
DE-TH,00+,2021-11-16,2021-11-08,-8 day ahead inc hosp,mean,NA,524.4,COVID-19
DE-TH,00+,2021-11-16,2021-11-07,-9 day ahead inc hosp,mean,NA,505.7,COVID-19
DE-TH,00+,2021-11-16,2021-11-06,-10 day ahead inc hosp,mean,NA,497.6,COVID-19
DE-TH,00+,2021-11-16,2021-11-05,-11 day ahead inc hosp,mean,NA,485.7,COVID-19
DE-TH,00+,2021-11-16,2021-11-04,-12 day ahead inc hosp,mean,NA,452.7,COVID-19
DE-TH,00+,2021-11-16,2021-11-03,-13 day ahead inc hosp,mean,NA,434.5,COVID-19
DE-TH,00+,2021-11-16,2021-11-02,-14 day ahead inc hosp,mean,NA,377.1,COVID-19
DE-TH,00+,2021-11-16,2021-11-01,-15 day ahead inc hosp,mean,NA,366.3,COVID-19
DE-TH,00+,2021-11-16,2021-10-31,-16 day ahead inc hosp,mean,NA,346.8,COVID-19
DE-TH,00+,2021-11-16,2021-10-30,-17 day ahead inc hosp,mean,NA,343.1,COVID-19
DE-TH,00+,2021-11-16,2021-10-29,-18 day ahead inc hosp,mean,NA,345.2,COVID-19
DE-TH,00+,2021-11-16,2021-10-28,-19 day ahead inc hosp,mean,NA,324,COVID-19
DE-TH,00+,2021-11-16,2021-10-27,-20 day ahead inc hosp,mean,NA,289.5,COVID-19
DE-TH,00+,2021-11-16,2021-10-26,-21 day ahead inc hosp,mean,NA,294.7,COVID-19
DE-TH,00+,2021-11-16,2021-10-25,-22 day ahead inc hosp,mean,NA,286.1,COVID-19
DE-TH,00+,2021-11-16,2021-10-24,-23 day ahead inc hosp,mean,NA,294,COVID-19
DE-TH,00+,2021-11-16,2021-10-23,-24 day ahead inc hosp,mean,NA,275.2,COVID-19
DE-TH,00+,2021-11-16,2021-10-22,-25 day ahead inc hosp,mean,NA,243.3,COVID-19
DE-TH,00+,2021-11-16,2021-10-21,-26 day ahead inc hosp,mean,NA,215.7,COVID-19
DE-TH,00+,2021-11-16,2021-10-20,-27 day ahead inc hosp,mean,NA,197.2,COVID-19
DE-TH,00+,2021-11-16,2021-10-19,-28 day ahead inc hosp,mean,NA,172.8,COVID-19
DE-TH,00+,2021-11-16,2021-11-15,-1 day ahead inc hosp,quantile,0.025,582.9,COVID-19
DE-TH,00+,2021-11-16,2021-11-14,-2 day ahead inc hosp,quantile,0.025,591.8,COVID-19
DE-TH,00+,2021-11-16,2021-11-13,-3 day ahead inc hosp,quantile,0.025,583.6,COVID-19
DE-TH,00+,2021-11-16,2021-11-12,-4 day ahead inc hosp,quantile,0.025,560.1,COVID-19
DE-TH,00+,2021-11-16,2021-11-11,-5 day ahead inc hosp,quantile,0.025,544.3,COVID-19
DE-TH,00+,2021-11-16,2021-11-10,-6 day ahead inc hosp,quantile,0.025,545.4,COVID-19
DE-TH,00+,2021-11-16,2021-11-09,-7 day ahead inc hosp,quantile,0.025,555.1,COVID-19
DE-TH,00+,2021-11-16,2021-11-08,-8 day ahead inc hosp,quantile,0.025,512.4,COVID-19
DE-TH,00+,2021-11-16,2021-11-07,-9 day ahead inc hosp,quantile,0.025,494.7,COVID-19
DE-TH,00+,2021-11-16,2021-11-06,-10 day ahead inc hosp,quantile,0.025,487.4,COVID-19
DE-TH,00+,2021-11-16,2021-11-05,-11 day ahead inc hosp,quantile,0.025,476.5,COVID-19
DE-TH,00+,2021-11-16,2021-11-04,-12 day ahead inc hosp,quantile,0.025,445.1,COVID-19
DE-TH,00+,2021-11-16,2021-11-03,-13 day ahead inc hosp,quantile,0.025,428,COVID-19
DE-TH,00+,2021-11-16,2021-11-02,-14 day ahead inc hosp,quantile,0.025,371.9,COVID-19
DE-TH,00+,2021-11-16,2021-11-01,-15 day ahead inc hosp,quantile,0.025,361.3,COVID-19
DE-TH,00+,2021-11-16,2021-10-31,-16 day ahead inc hosp,quantile,0.025,342.2,COVID-19
DE-TH,00+,2021-11-16,2021-10-30,-17 day ahead inc hosp,quantile,0.025,338.8,COVID-19
DE-TH,00+,2021-11-16,2021-10-29,-18 day ahead inc hosp,quantile,0.025,341.3,COVID-19
DE-TH,00+,2021-11-16,2021-10-28,-19 day ahead inc hosp,quantile,0.025,320.7,COVID-19
DE-TH,00+,2021-11-16,2021-10-27,-20 day ahead inc hosp,quantile,0.025,286.9,COVID-19
DE-TH,00+,2021-11-16,2021-10-26,-21 day ahead inc hosp,quantile,0.025,292.3,COVID-19
DE-TH,00+,2021-11-16,2021-10-25,-22 day ahead inc hosp,quantile,0.025,283.9,COVID-19
DE-TH,00+,2021-11-16,2021-10-24,-23 day ahead inc hosp,quantile,0.025,291.8,COVID-19
DE-TH,00+,2021-11-16,2021-10-23,-24 day ahead inc hosp,quantile,0.025,273.4,COVID-19
DE-TH,00+,2021-11-16,2021-10-22,-25 day ahead inc hosp,quantile,0.025,241.9,COVID-19
DE-TH,00+,2021-11-16,2021-10-21,-26 day ahead inc hosp,quantile,0.025,214.6,COVID-19
DE-TH,00+,2021-11-16,2021-10-20,-27 day ahead inc hosp,quantile,0.025,196.4,COVID-19
DE-TH,00+,2021-11-16,2021-10-19,-28 day ahead inc hosp,quantile,0.025,172.2,COVID-19
DE-TH,00+,2021-11-16,2021-11-15,-1 day ahead inc hosp,quantile,0.975,704.3,COVID-19
DE-TH,00+,2021-11-16,2021-11-14,-2 day ahead inc hosp,quantile,0.975,702.2,COVID-19
DE-TH,00+,2021-11-16,2021-11-13,-3 day ahead inc hosp,quantile,0.975,677.4,COVID-19
DE-TH,00+,2021-11-16,2021-11-12,-4 day ahead inc hosp,quantile,0.975,631.6,COVID-19
DE-TH,00+,2021-11-16,2021-11-11,-5 day ahead inc hosp,quantile,0.975,601.2,COVID-19
DE-TH,00+,2021-11-16,2021-11-10,-6 day ahead inc hosp,quantile,0.975,593.1,COVID-19
DE-TH,00+,2021-11-16,2021-11-09,-7 day ahead inc hosp,quantile,0.975,599.2,COVID-19
DE-TH,00+,2021-11-16,2021-11-08,-8 day ahead inc hosp,quantile,0.975,552.5,COVID-19
DE-TH,00+,2021-11-16,2021-11-07,-9 day ahead inc hosp,quantile,0.975,532.2,COVID-19
DE-TH,00+,2021-11-16,2021-11-06,-10 day ahead inc hosp,quantile,0.975,522.9,COVID-19
DE-TH,00+,2021-11-16,2021-11-05,-11 day ahead inc hosp,quantile,0.975,509.5,COVID-19
DE-TH,00+,2021-11-16,2021-11-04,-12 day ahead inc hosp,quantile,0.975,473.7,COVID-19
DE-TH,00+,2021-11-16,2021-11-03,-13 day ahead inc hosp,quantile,0.975,453.3,COVID-19
DE-TH,00+,2021-11-16,2021-11-02,-14 day ahead inc hosp,quantile,0.975,393.8,COVID-19
DE-TH,00+,2021-11-16,2021-11-01,-15 day ahead inc hosp,quantile,0.975,382.6,COVID-19
DE-TH,00+,2021-11-16,2021-10-31,-16 day ahead inc hosp,quantile,0.975,362.2,COVID-19
DE-TH,00+,2021-11-16,2021-10-30,-17 day ahead inc hosp,quantile,0.975,357.9,COVID-19
DE-TH,00+,2021-11-16,2021-10-29,-18 day ahead inc hosp,quantile,0.975,359.5,COVID-19
DE-TH,00+,2021-11-16,2021-10-28,-19 day ahead inc hosp,quantile,0.975,337.3,COVID-19
DE-TH,00+,2021-11-16,2021-10-27,-20 day ahead inc hosp,quantile,0.975,300.8,COVID-19
DE-TH,00+,2021-11-16,2021-10-26,-21 day ahead inc hosp,quantile,0.975,305.8,COVID-19
DE-TH,00+,2021-11-16,2021-10-25,-22 day ahead inc hosp,quantile,0.975,296.9,COVID-19
DE-TH,00+,2021-11-16,2021-10-24,-23 day ahead inc hosp,quantile,0.975,304.9,COVID-19
DE-TH,00+,2021-11-16,2021-10-23,-24 day ahead inc hosp,quantile,0.975,285,COVID-19
DE-TH,00+,2021-11-16,2021-10-22,-25 day ahead inc hosp,quantile,0.975,251.1,COVID-19
DE-TH,00+,2021-11-16,2021-10-21,-26 day ahead inc hosp,quantile,0.975,222,COVID-19
DE-TH,00+,2021-11-16,2021-10-20,-27 day ahead inc hosp,quantile,0.975,202.7,COVID-19
DE-TH,00+,2021-11-16,2021-10-19,-28 day ahead inc hosp,quantile,0.975,177.4,COVID-19
