model,target_type,forecast_date,target_end_date,location,age_group,pathogen,mean,q0.025,q0.1,q0.25,q0.5,q0.75,q0.9,q0.975,retrospective
KIT-simple_nowcast,hosp,2024-12-13,2024-11-15,DE,00+,COVID-19,3013,2997,3001,3005,3011,3019,3027,3039,False
KIT-simple_nowcast,hosp,2024-12-13,2024-11-15,DE,00-04,COVID-19,89,88,88,88,88,89,90,91,False
KIT-simple_nowcast,hosp,2024-12-13,2024-11-15,DE,05-14,COVID-19,23,23,23,23,23,23,23,23,False
KIT-simple_nowcast,hosp,2024-12-13,2024-11-15,DE,15-34,COVID-19,83,82,82,82,82,83,84,86,False
KIT-simple_nowcast,hosp,2024-12-13,2024-11-15,DE,35-59,COVID-19,260,258,258,258,259,261,263,265,False
KIT-simple_nowcast,hosp,2024-12-13,2024-11-15,DE,60-79,COVID-19,1139,1133,1134,1136,1138,1142,1146,1151,False
KIT-simple_nowcast,hosp,2024-12-13,2024-11-15,DE,80+,COVID-19,1420,1412,1414,1416,1419,1423,1426,1431,False
KIT-simple_nowcast,hosp,2024-12-13,2024-11-15,DE-BB,00+,COVID-19,200,200,200,200,200,200,201,202,False
KIT-simple_nowcast,hosp,2024-12-13,2024-11-15,DE-BE,00+,COVID-19,142,142,142,142,142,142,143,144,False
KIT-simple_nowcast,hosp,2024-12-13,2024-11-15,DE-BW,00+,COVID-19,242,238,238,239,241,244,246,250,False
KIT-simple_nowcast,hosp,2024-12-13,2024-11-15,DE-BY,00+,COVID-19,341,338,338,339,340,342,344,347,False
KIT-simple_nowcast,hosp,2024-12-13,2024-11-15,DE-HB,00+,COVID-19,26,26,26,26,26,26,26,26,False
KIT-simple_nowcast,hosp,2024-12-13,2024-11-15,DE-HE,00+,COVID-19,288,284,285,286,287,290,292,296,False
KIT-simple_nowcast,hosp,2024-12-13,2024-11-15,DE-HH,00+,COVID-19,60,59,59,59,60,60,61,62,False
KIT-simple_nowcast,hosp,2024-12-13,2024-11-15,DE-MV,00+,COVID-19,103,103,103,103,103,103,103,103,False
KIT-simple_nowcast,hosp,2024-12-13,2024-11-15,DE-NI,00+,COVID-19,272,269,270,270,272,274,276,279,False
KIT-simple_nowcast,hosp,2024-12-13,2024-11-15,DE-NW,00+,COVID-19,532,529,529,530,531,533,534,536,False
KIT-simple_nowcast,hosp,2024-12-13,2024-11-15,DE-RP,00+,COVID-19,110,110,110,110,110,110,111,112,False
KIT-simple_nowcast,hosp,2024-12-13,2024-11-15,DE-SH,00+,COVID-19,145,145,145,145,145,145,146,147,False
KIT-simple_nowcast,hosp,2024-12-13,2024-11-15,DE-SL,00+,COVID-19,33,33,33,33,33,33,34,35,False
KIT-simple_nowcast,hosp,2024-12-13,2024-11-15,DE-SN,00+,COVID-19,240,238,238,238,239,240,242,245,False
KIT-simple_nowcast,hosp,2024-12-13,2024-11-15,DE-ST,00+,COVID-19,178,178,178,178,178,178,179,181,False
KIT-simple_nowcast,hosp,2024-12-13,2024-11-15,DE-TH,00+,COVID-19,101,101,101,101,101,101,102,102,False
KIT-simple_nowcast,hosp,2024-12-13,2024-11-16,DE,00+,COVID-19,2994,2978,2982,2986,2993,3001,3010,3021,False
KIT-simple_nowcast,hosp,2024-12-13,2024-11-16,DE,00-04,COVID-19,80,79,79,79,80,80,81,82,False
KIT-simple_nowcast,hosp,2024-12-13,2024-11-16,DE,05-14,COVID-19,24,24,24,24,24,24,24,24,False
KIT-simple_nowcast,hosp,2024-12-13,2024-11-16,DE,15-34,COVID-19,91,90,90,90,90,91,92,94,False
KIT-simple_nowcast,hosp,2024-12-13,2024-11-16,DE,35-59,COVID-19,277,275,275,275,277,278,280,283,False
KIT-simple_nowcast,hosp,2024-12-13,2024-11-16,DE,60-79,COVID-19,1149,1142,1143,1145,1148,1152,1156,1162,False
KIT-simple_nowcast,hosp,2024-12-13,2024-11-16,DE,80+,COVID-19,1374,1366,1368,1371,1374,1377,1381,1386,False
KIT-simple_nowcast,hosp,2024-12-13,2024-11-16,DE-BB,00+,COVID-19,210,210,210,210,210,210,211,212,False
KIT-simple_nowcast,hosp,2024-12-13,2024-11-16,DE-BE,00+,COVID-19,149,149,149,149,149,149,150,151,False
KIT-simple_nowcast,hosp,2024-12-13,2024-11-16,DE-BW,00+,COVID-19,247,243,244,245,246,249,252,256,False
KIT-simple_nowcast,hosp,2024-12-13,2024-11-16,DE-BY,00+,COVID-19,343,340,340,341,342,344,346,350,False
KIT-simple_nowcast,hosp,2024-12-13,2024-11-16,DE-HB,00+,COVID-19,30,30,30,30,30,30,30,30,False
KIT-simple_nowcast,hosp,2024-12-13,2024-11-16,DE-HE,00+,COVID-19,308,303,304,305,307,309,312,316,False
KIT-simple_nowcast,hosp,2024-12-13,2024-11-16,DE-HH,00+,COVID-19,59,58,58,58,59,59,60,61,False
KIT-simple_nowcast,hosp,2024-12-13,2024-11-16,DE-MV,00+,COVID-19,106,106,106,106,106,106,106,106,False
KIT-simple_nowcast,hosp,2024-12-13,2024-11-16,DE-NI,00+,COVID-19,274,270,271,272,273,275,277,280,False
KIT-simple_nowcast,hosp,2024-12-13,2024-11-16,DE-NW,00+,COVID-19,512,509,510,510,512,513,515,517,False
KIT-simple_nowcast,hosp,2024-12-13,2024-11-16,DE-RP,00+,COVID-19,113,113,113,113,113,113,114,115,False
KIT-simple_nowcast,hosp,2024-12-13,2024-11-16,DE-SH,00+,COVID-19,100,100,100,100,100,100,101,101,False
KIT-simple_nowcast,hosp,2024-12-13,2024-11-16,DE-SL,00+,COVID-19,30,30,30,30,30,30,31,32,False
KIT-simple_nowcast,hosp,2024-12-13,2024-11-16,DE-SN,00+,COVID-19,229,227,227,227,228,230,232,234,False
KIT-simple_nowcast,hosp,2024-12-13,2024-11-16,DE-ST,00+,COVID-19,188,188,188,188,188,189,190,192,False
KIT-simple_nowcast,hosp,2024-12-13,2024-11-16,DE-TH,00+,COVID-19,97,97,97,97,97,97,98,98,False
KIT-simple_nowcast,hosp,2024-12-13,2024-11-17,DE,00+,COVID-19,3003,2986,2990,2995,3001,3009,3018,3029,False
KIT-simple_nowcast,hosp,2024-12-13,2024-11-17,DE,00-04,COVID-19,78,77,77,77,78,78,79,80,False
KIT-simple_nowcast,hosp,2024-12-13,2024-11-17,DE,05-14,COVID-19,24,24,24,24,24,24,24,24,False
KIT-simple_nowcast,hosp,2024-12-13,2024-11-17,DE,15-34,COVID-19,92,91,91,91,91,92,93,95,False
KIT-simple_nowcast,hosp,2024-12-13,2024-11-17,DE,35-59,COVID-19,281,279,279,280,281,282,284,287,False
KIT-simple_nowcast,hosp,2024-12-13,2024-11-17,DE,60-79,COVID-19,1150,1143,1145,1146,1149,1153,1157,1163,False
KIT-simple_nowcast,hosp,2024-12-13,2024-11-17,DE,80+,COVID-19,1378,1370,1372,1375,1378,1381,1385,1390,False
KIT-simple_nowcast,hosp,2024-12-13,2024-11-17,DE-BB,00+,COVID-19,211,211,211,211,211,211,212,214,False
KIT-simple_nowcast,hosp,2024-12-13,2024-11-17,DE-BE,00+,COVID-19,149,149,149,149,149,149,150,151,False
KIT-simple_nowcast,hosp,2024-12-13,2024-11-17,DE-BW,00+,COVID-19,247,243,244,245,247,249,252,256,False
KIT-simple_nowcast,hosp,2024-12-13,2024-11-17,DE-BY,00+,COVID-19,343,340,340,341,342,344,346,350,False
KIT-simple_nowcast,hosp,2024-12-13,2024-11-17,DE-HB,00+,COVID-19,30,30,30,30,30,30,30,30,False
KIT-simple_nowcast,hosp,2024-12-13,2024-11-17,DE-HE,00+,COVID-19,308,303,304,305,307,309,312,315,False
KIT-simple_nowcast,hosp,2024-12-13,2024-11-17,DE-HH,00+,COVID-19,59,58,58,58,59,59,60,61,False
KIT-simple_nowcast,hosp,2024-12-13,2024-11-17,DE-MV,00+,COVID-19,106,106,106,106,106,106,106,106,False
KIT-simple_nowcast,hosp,2024-12-13,2024-11-17,DE-NI,00+,COVID-19,271,267,268,269,270,272,274,277,False
KIT-simple_nowcast,hosp,2024-12-13,2024-11-17,DE-NW,00+,COVID-19,508,505,506,506,508,509,511,513,False
KIT-simple_nowcast,hosp,2024-12-13,2024-11-17,DE-RP,00+,COVID-19,117,117,117,117,117,117,118,119,False
KIT-simple_nowcast,hosp,2024-12-13,2024-11-17,DE-SH,00+,COVID-19,100,100,100,100,100,100,101,102,False
KIT-simple_nowcast,hosp,2024-12-13,2024-11-17,DE-SL,00+,COVID-19,31,31,31,31,31,31,32,33,False
KIT-simple_nowcast,hosp,2024-12-13,2024-11-17,DE-SN,00+,COVID-19,232,230,230,230,231,233,235,237,False
KIT-simple_nowcast,hosp,2024-12-13,2024-11-17,DE-ST,00+,COVID-19,197,197,197,197,197,198,199,200,False
KIT-simple_nowcast,hosp,2024-12-13,2024-11-17,DE-TH,00+,COVID-19,94,94,94,94,94,94,95,95,False
KIT-simple_nowcast,hosp,2024-12-13,2024-11-18,DE,00+,COVID-19,3008,2991,2995,3000,3006,3014,3023,3034,False
KIT-simple_nowcast,hosp,2024-12-13,2024-11-18,DE,00-04,COVID-19,77,76,76,76,77,77,78,79,False
KIT-simple_nowcast,hosp,2024-12-13,2024-11-18,DE,05-14,COVID-19,25,25,25,25,25,25,25,25,False
KIT-simple_nowcast,hosp,2024-12-13,2024-11-18,DE,15-34,COVID-19,92,91,91,91,91,92,94,95,False
KIT-simple_nowcast,hosp,2024-12-13,2024-11-18,DE,35-59,COVID-19,282,280,280,281,282,283,285,288,False
KIT-simple_nowcast,hosp,2024-12-13,2024-11-18,DE,60-79,COVID-19,1152,1145,1147,1148,1151,1155,1159,1165,False
KIT-simple_nowcast,hosp,2024-12-13,2024-11-18,DE,80+,COVID-19,1380,1372,1374,1377,1380,1384,1387,1392,False
KIT-simple_nowcast,hosp,2024-12-13,2024-11-18,DE-BB,00+,COVID-19,210,210,210,210,210,210,211,213,False
KIT-simple_nowcast,hosp,2024-12-13,2024-11-18,DE-BE,00+,COVID-19,147,147,147,147,147,147,148,149,False
KIT-simple_nowcast,hosp,2024-12-13,2024-11-18,DE-BW,00+,COVID-19,244,240,241,242,243,246,249,254,False
KIT-simple_nowcast,hosp,2024-12-13,2024-11-18,DE-BY,00+,COVID-19,343,340,340,341,342,344,346,350,False
KIT-simple_nowcast,hosp,2024-12-13,2024-11-18,DE-HB,00+,COVID-19,30,30,30,30,30,30,30,30,False
KIT-simple_nowcast,hosp,2024-12-13,2024-11-18,DE-HE,00+,COVID-19,308,303,304,305,307,309,312,315,False
KIT-simple_nowcast,hosp,2024-12-13,2024-11-18,DE-HH,00+,COVID-19,59,58,58,58,59,59,60,61,False
KIT-simple_nowcast,hosp,2024-12-13,2024-11-18,DE-MV,00+,COVID-19,106,106,106,106,106,106,106,106,False
KIT-simple_nowcast,hosp,2024-12-13,2024-11-18,DE-NI,00+,COVID-19,278,274,275,276,277,279,282,285,False
KIT-simple_nowcast,hosp,2024-12-13,2024-11-18,DE-NW,00+,COVID-19,513,510,511,512,513,514,516,518,False
KIT-simple_nowcast,hosp,2024-12-13,2024-11-18,DE-RP,00+,COVID-19,118,118,118,118,118,118,119,120,False
KIT-simple_nowcast,hosp,2024-12-13,2024-11-18,DE-SH,00+,COVID-19,100,100,100,100,100,100,101,102,False
KIT-simple_nowcast,hosp,2024-12-13,2024-11-18,DE-SL,00+,COVID-19,30,30,30,30,30,30,31,32,False
KIT-simple_nowcast,hosp,2024-12-13,2024-11-18,DE-SN,00+,COVID-19,230,228,228,228,229,231,233,235,False
KIT-simple_nowcast,hosp,2024-12-13,2024-11-18,DE-ST,00+,COVID-19,198,198,198,198,198,199,200,201,False
KIT-simple_nowcast,hosp,2024-12-13,2024-11-18,DE-TH,00+,COVID-19,94,94,94,94,94,94,95,95,False
KIT-simple_nowcast,hosp,2024-12-13,2024-11-19,DE,00+,COVID-19,3067,3046,3051,3057,3065,3075,3085,3100,False
KIT-simple_nowcast,hosp,2024-12-13,2024-11-19,DE,00-04,COVID-19,87,86,86,86,87,88,88,89,False
KIT-simple_nowcast,hosp,2024-12-13,2024-11-19,DE,05-14,COVID-19,21,21,21,21,21,21,21,21,False
KIT-simple_nowcast,hosp,2024-12-13,2024-11-19,DE,15-34,COVID-19,105,104,104,104,105,106,107,110,False
KIT-simple_nowcast,hosp,2024-12-13,2024-11-19,DE,35-59,COVID-19,285,282,282,283,284,286,288,291,False
KIT-simple_nowcast,hosp,2024-12-13,2024-11-19,DE,60-79,COVID-19,1154,1146,1147,1150,1153,1158,1163,1170,False
KIT-simple_nowcast,hosp,2024-12-13,2024-11-19,DE,80+,COVID-19,1415,1405,1408,1411,1415,1419,1424,1430,False
KIT-simple_nowcast,hosp,2024-12-13,2024-11-19,DE-BB,00+,COVID-19,193,193,193,193,193,193,194,196,False
KIT-simple_nowcast,hosp,2024-12-13,2024-11-19,DE-BE,00+,COVID-19,138,138,138,138,138,138,139,140,False
KIT-simple_nowcast,hosp,2024-12-13,2024-11-19,DE-BW,00+,COVID-19,231,226,227,228,230,233,237,242,False
KIT-simple_nowcast,hosp,2024-12-13,2024-11-19,DE-BY,00+,COVID-19,334,331,331,332,334,336,338,342,False
KIT-simple_nowcast,hosp,2024-12-13,2024-11-19,DE-HB,00+,COVID-19,41,41,41,41,41,41,41,41,False
KIT-simple_nowcast,hosp,2024-12-13,2024-11-19,DE-HE,00+,COVID-19,313,308,309,310,312,315,318,322,False
KIT-simple_nowcast,hosp,2024-12-13,2024-11-19,DE-HH,00+,COVID-19,55,54,54,54,55,55,56,57,False
KIT-simple_nowcast,hosp,2024-12-13,2024-11-19,DE-MV,00+,COVID-19,112,112,112,112,112,112,113,113,False
KIT-simple_nowcast,hosp,2024-12-13,2024-11-19,DE-NI,00+,COVID-19,270,266,267,268,269,272,274,277,False
KIT-simple_nowcast,hosp,2024-12-13,2024-11-19,DE-NW,00+,COVID-19,525,521,522,523,525,527,529,531,False
KIT-simple_nowcast,hosp,2024-12-13,2024-11-19,DE-RP,00+,COVID-19,132,132,132,132,132,132,133,134,False
KIT-simple_nowcast,hosp,2024-12-13,2024-11-19,DE-SH,00+,COVID-19,93,93,93,93,93,93,94,95,False
KIT-simple_nowcast,hosp,2024-12-13,2024-11-19,DE-SL,00+,COVID-19,23,23,23,23,23,23,24,25,False
KIT-simple_nowcast,hosp,2024-12-13,2024-11-19,DE-SN,00+,COVID-19,259,256,256,257,258,260,262,266,False
KIT-simple_nowcast,hosp,2024-12-13,2024-11-19,DE-ST,00+,COVID-19,231,230,230,230,230,231,232,234,False
KIT-simple_nowcast,hosp,2024-12-13,2024-11-19,DE-TH,00+,COVID-19,116,116,116,116,116,116,117,117,False
KIT-simple_nowcast,hosp,2024-12-13,2024-11-20,DE,00+,COVID-19,3020,2997,3002,3009,3017,3028,3040,3055,False
KIT-simple_nowcast,hosp,2024-12-13,2024-11-20,DE,00-04,COVID-19,90,89,89,89,90,91,92,93,False
KIT-simple_nowcast,hosp,2024-12-13,2024-11-20,DE,05-14,COVID-19,18,18,18,18,18,18,18,18,False
KIT-simple_nowcast,hosp,2024-12-13,2024-11-20,DE,15-34,COVID-19,108,107,107,107,108,109,111,114,False
KIT-simple_nowcast,hosp,2024-12-13,2024-11-20,DE,35-59,COVID-19,288,285,285,286,287,289,291,295,False
KIT-simple_nowcast,hosp,2024-12-13,2024-11-20,DE,60-79,COVID-19,1131,1122,1124,1126,1130,1135,1140,1148,False
KIT-simple_nowcast,hosp,2024-12-13,2024-11-20,DE,80+,COVID-19,1385,1374,1376,1380,1384,1389,1394,1401,False
KIT-simple_nowcast,hosp,2024-12-13,2024-11-20,DE-BB,00+,COVID-19,198,198,198,198,198,198,199,201,False
KIT-simple_nowcast,hosp,2024-12-13,2024-11-20,DE-BE,00+,COVID-19,139,139,139,139,139,139,140,141,False
KIT-simple_nowcast,hosp,2024-12-13,2024-11-20,DE-BW,00+,COVID-19,222,217,218,219,221,225,229,235,False
KIT-simple_nowcast,hosp,2024-12-13,2024-11-20,DE-BY,00+,COVID-19,311,308,308,309,311,313,315,319,False
KIT-simple_nowcast,hosp,2024-12-13,2024-11-20,DE-HB,00+,COVID-19,33,33,33,33,33,33,33,33,False
KIT-simple_nowcast,hosp,2024-12-13,2024-11-20,DE-HE,00+,COVID-19,307,302,303,305,307,310,312,316,False
KIT-simple_nowcast,hosp,2024-12-13,2024-11-20,DE-HH,00+,COVID-19,61,60,60,60,61,61,62,63,False
KIT-simple_nowcast,hosp,2024-12-13,2024-11-20,DE-MV,00+,COVID-19,103,103,103,103,103,103,104,105,False
KIT-simple_nowcast,hosp,2024-12-13,2024-11-20,DE-NI,00+,COVID-19,245,241,242,243,244,247,249,252,False
KIT-simple_nowcast,hosp,2024-12-13,2024-11-20,DE-NW,00+,COVID-19,531,527,528,529,531,533,535,538,False
KIT-simple_nowcast,hosp,2024-12-13,2024-11-20,DE-RP,00+,COVID-19,132,132,132,132,132,133,133,134,False
KIT-simple_nowcast,hosp,2024-12-13,2024-11-20,DE-SH,00+,COVID-19,89,89,89,89,89,89,90,90,False
KIT-simple_nowcast,hosp,2024-12-13,2024-11-20,DE-SL,00+,COVID-19,25,25,25,25,25,25,26,28,False
KIT-simple_nowcast,hosp,2024-12-13,2024-11-20,DE-SN,00+,COVID-19,258,255,255,256,258,260,262,265,False
KIT-simple_nowcast,hosp,2024-12-13,2024-11-20,DE-ST,00+,COVID-19,227,226,226,226,226,227,228,230,False
KIT-simple_nowcast,hosp,2024-12-13,2024-11-20,DE-TH,00+,COVID-19,136,136,136,136,136,136,137,138,False
KIT-simple_nowcast,hosp,2024-12-13,2024-11-21,DE,00+,COVID-19,3060,3035,3041,3048,3058,3070,3083,3099,False
KIT-simple_nowcast,hosp,2024-12-13,2024-11-21,DE,00-04,COVID-19,89,88,88,88,89,90,91,92,False
KIT-simple_nowcast,hosp,2024-12-13,2024-11-21,DE,05-14,COVID-19,25,25,25,25,25,25,25,26,False
KIT-simple_nowcast,hosp,2024-12-13,2024-11-21,DE,15-34,COVID-19,104,103,103,103,104,105,107,110,False
KIT-simple_nowcast,hosp,2024-12-13,2024-11-21,DE,35-59,COVID-19,295,292,292,293,294,296,299,302,False
KIT-simple_nowcast,hosp,2024-12-13,2024-11-21,DE,60-79,COVID-19,1125,1116,1118,1120,1124,1129,1135,1143,False
KIT-simple_nowcast,hosp,2024-12-13,2024-11-21,DE,80+,COVID-19,1421,1409,1412,1415,1420,1425,1431,1438,False
KIT-simple_nowcast,hosp,2024-12-13,2024-11-21,DE-BB,00+,COVID-19,193,193,193,193,193,193,194,196,False
KIT-simple_nowcast,hosp,2024-12-13,2024-11-21,DE-BE,00+,COVID-19,150,150,150,150,150,150,151,152,False
KIT-simple_nowcast,hosp,2024-12-13,2024-11-21,DE-BW,00+,COVID-19,221,215,216,217,219,223,228,235,False
KIT-simple_nowcast,hosp,2024-12-13,2024-11-21,DE-BY,00+,COVID-19,301,297,297,298,300,302,305,308,False
KIT-simple_nowcast,hosp,2024-12-13,2024-11-21,DE-HB,00+,COVID-19,36,36,36,36,36,36,36,36,False
KIT-simple_nowcast,hosp,2024-12-13,2024-11-21,DE-HE,00+,COVID-19,315,309,311,312,315,318,321,325,False
KIT-simple_nowcast,hosp,2024-12-13,2024-11-21,DE-HH,00+,COVID-19,68,67,67,67,68,69,69,70,False
KIT-simple_nowcast,hosp,2024-12-13,2024-11-21,DE-MV,00+,COVID-19,113,113,113,113,113,113,114,115,False
KIT-simple_nowcast,hosp,2024-12-13,2024-11-21,DE-NI,00+,COVID-19,257,252,253,254,256,258,261,265,False
KIT-simple_nowcast,hosp,2024-12-13,2024-11-21,DE-NW,00+,COVID-19,546,541,542,544,546,548,551,554,False
KIT-simple_nowcast,hosp,2024-12-13,2024-11-21,DE-RP,00+,COVID-19,142,142,142,142,142,143,143,145,False
KIT-simple_nowcast,hosp,2024-12-13,2024-11-21,DE-SH,00+,COVID-19,82,82,82,82,82,82,83,83,False
KIT-simple_nowcast,hosp,2024-12-13,2024-11-21,DE-SL,00+,COVID-19,24,24,24,24,24,24,25,27,False
KIT-simple_nowcast,hosp,2024-12-13,2024-11-21,DE-SN,00+,COVID-19,224,221,221,222,223,225,228,231,False
KIT-simple_nowcast,hosp,2024-12-13,2024-11-21,DE-ST,00+,COVID-19,237,236,236,236,236,237,239,241,False
KIT-simple_nowcast,hosp,2024-12-13,2024-11-21,DE-TH,00+,COVID-19,150,150,150,150,150,150,151,152,False
KIT-simple_nowcast,hosp,2024-12-13,2024-11-22,DE,00+,COVID-19,3073,3046,3053,3060,3071,3083,3097,3115,False
KIT-simple_nowcast,hosp,2024-12-13,2024-11-22,DE,00-04,COVID-19,100,99,99,99,100,101,102,103,False
KIT-simple_nowcast,hosp,2024-12-13,2024-11-22,DE,05-14,COVID-19,24,24,24,24,24,24,24,26,False
KIT-simple_nowcast,hosp,2024-12-13,2024-11-22,DE,15-34,COVID-19,109,107,107,107,108,110,112,115,False
KIT-simple_nowcast,hosp,2024-12-13,2024-11-22,DE,35-59,COVID-19,300,297,297,298,300,302,304,308,False
KIT-simple_nowcast,hosp,2024-12-13,2024-11-22,DE,60-79,COVID-19,1125,1114,1116,1119,1123,1129,1135,1143,False
KIT-simple_nowcast,hosp,2024-12-13,2024-11-22,DE,80+,COVID-19,1415,1402,1405,1409,1414,1420,1426,1433,False
KIT-simple_nowcast,hosp,2024-12-13,2024-11-22,DE-BB,00+,COVID-19,187,187,187,187,187,187,188,190,False
KIT-simple_nowcast,hosp,2024-12-13,2024-11-22,DE-BE,00+,COVID-19,152,152,152,152,152,152,153,155,False
KIT-simple_nowcast,hosp,2024-12-13,2024-11-22,DE-BW,00+,COVID-19,209,203,204,205,207,211,216,223,False
KIT-simple_nowcast,hosp,2024-12-13,2024-11-22,DE-BY,00+,COVID-19,307,303,304,305,306,309,311,315,False
KIT-simple_nowcast,hosp,2024-12-13,2024-11-22,DE-HB,00+,COVID-19,34,34,34,34,34,34,34,34,False
KIT-simple_nowcast,hosp,2024-12-13,2024-11-22,DE-HE,00+,COVID-19,316,309,311,313,315,318,322,326,False
KIT-simple_nowcast,hosp,2024-12-13,2024-11-22,DE-HH,00+,COVID-19,64,63,63,63,64,65,65,66,False
KIT-simple_nowcast,hosp,2024-12-13,2024-11-22,DE-MV,00+,COVID-19,91,91,91,91,91,91,92,93,False
KIT-simple_nowcast,hosp,2024-12-13,2024-11-22,DE-NI,00+,COVID-19,281,275,276,278,280,283,286,290,False
KIT-simple_nowcast,hosp,2024-12-13,2024-11-22,DE-NW,00+,COVID-19,536,530,532,534,536,538,541,544,False
KIT-simple_nowcast,hosp,2024-12-13,2024-11-22,DE-RP,00+,COVID-19,151,150,150,150,150,151,152,153,False
KIT-simple_nowcast,hosp,2024-12-13,2024-11-22,DE-SH,00+,COVID-19,87,87,87,87,87,87,88,88,False
KIT-simple_nowcast,hosp,2024-12-13,2024-11-22,DE-SL,00+,COVID-19,21,21,21,21,21,21,22,24,False
KIT-simple_nowcast,hosp,2024-12-13,2024-11-22,DE-SN,00+,COVID-19,254,250,250,252,253,256,259,263,False
KIT-simple_nowcast,hosp,2024-12-13,2024-11-22,DE-ST,00+,COVID-19,235,234,234,234,235,236,237,238,False
KIT-simple_nowcast,hosp,2024-12-13,2024-11-22,DE-TH,00+,COVID-19,148,148,148,148,148,148,149,150,False
KIT-simple_nowcast,hosp,2024-12-13,2024-11-23,DE,00+,COVID-19,3123,3094,3101,3109,3121,3134,3149,3168,False
KIT-simple_nowcast,hosp,2024-12-13,2024-11-23,DE,00-04,COVID-19,113,111,111,112,112,113,114,115,False
KIT-simple_nowcast,hosp,2024-12-13,2024-11-23,DE,05-14,COVID-19,24,24,24,24,24,24,24,26,False
KIT-simple_nowcast,hosp,2024-12-13,2024-11-23,DE,15-34,COVID-19,102,100,100,100,101,103,105,108,False
KIT-simple_nowcast,hosp,2024-12-13,2024-11-23,DE,35-59,COVID-19,295,291,291,292,294,296,299,302,False
KIT-simple_nowcast,hosp,2024-12-13,2024-11-23,DE,60-79,COVID-19,1157,1145,1147,1150,1155,1161,1168,1177,False
KIT-simple_nowcast,hosp,2024-12-13,2024-11-23,DE,80+,COVID-19,1433,1419,1423,1427,1432,1439,1445,1453,False
KIT-simple_nowcast,hosp,2024-12-13,2024-11-23,DE-BB,00+,COVID-19,181,181,181,181,181,181,182,185,False
KIT-simple_nowcast,hosp,2024-12-13,2024-11-23,DE-BE,00+,COVID-19,158,158,158,158,158,159,160,162,False
KIT-simple_nowcast,hosp,2024-12-13,2024-11-23,DE-BW,00+,COVID-19,199,193,194,195,198,202,207,214,False
KIT-simple_nowcast,hosp,2024-12-13,2024-11-23,DE-BY,00+,COVID-19,310,305,306,307,309,311,314,317,False
KIT-simple_nowcast,hosp,2024-12-13,2024-11-23,DE-HB,00+,COVID-19,31,31,31,31,31,31,31,31,False
KIT-simple_nowcast,hosp,2024-12-13,2024-11-23,DE-HE,00+,COVID-19,313,305,307,309,312,315,319,324,False
KIT-simple_nowcast,hosp,2024-12-13,2024-11-23,DE-HH,00+,COVID-19,67,66,66,66,67,68,68,69,False
KIT-simple_nowcast,hosp,2024-12-13,2024-11-23,DE-MV,00+,COVID-19,86,86,86,86,86,86,87,88,False
KIT-simple_nowcast,hosp,2024-12-13,2024-11-23,DE-NI,00+,COVID-19,286,280,281,283,285,288,292,297,False
KIT-simple_nowcast,hosp,2024-12-13,2024-11-23,DE-NW,00+,COVID-19,550,544,546,547,550,553,556,559,False
KIT-simple_nowcast,hosp,2024-12-13,2024-11-23,DE-RP,00+,COVID-19,156,155,155,155,155,156,157,159,False
KIT-simple_nowcast,hosp,2024-12-13,2024-11-23,DE-SH,00+,COVID-19,87,87,87,87,87,87,88,88,False
KIT-simple_nowcast,hosp,2024-12-13,2024-11-23,DE-SL,00+,COVID-19,22,22,22,22,22,22,23,25,False
KIT-simple_nowcast,hosp,2024-12-13,2024-11-23,DE-SN,00+,COVID-19,280,275,276,277,279,282,286,291,False
KIT-simple_nowcast,hosp,2024-12-13,2024-11-23,DE-ST,00+,COVID-19,240,239,239,239,240,241,242,244,False
KIT-simple_nowcast,hosp,2024-12-13,2024-11-23,DE-TH,00+,COVID-19,156,156,156,156,156,157,157,158,False
KIT-simple_nowcast,hosp,2024-12-13,2024-11-24,DE,00+,COVID-19,3121,3092,3099,3107,3118,3132,3146,3164,False
KIT-simple_nowcast,hosp,2024-12-13,2024-11-24,DE,00-04,COVID-19,116,114,114,115,115,116,117,118,False
KIT-simple_nowcast,hosp,2024-12-13,2024-11-24,DE,05-14,COVID-19,24,24,24,24,24,24,25,26,False
KIT-simple_nowcast,hosp,2024-12-13,2024-11-24,DE,15-34,COVID-19,102,100,100,100,101,103,105,108,False
KIT-simple_nowcast,hosp,2024-12-13,2024-11-24,DE,35-59,COVID-19,292,288,289,289,291,293,295,299,False
KIT-simple_nowcast,hosp,2024-12-13,2024-11-24,DE,60-79,COVID-19,1155,1143,1146,1149,1153,1159,1166,1174,False
KIT-simple_nowcast,hosp,2024-12-13,2024-11-24,DE,80+,COVID-19,1432,1418,1422,1426,1431,1438,1444,1452,False
KIT-simple_nowcast,hosp,2024-12-13,2024-11-24,DE-BB,00+,COVID-19,181,181,181,181,181,181,182,185,False
KIT-simple_nowcast,hosp,2024-12-13,2024-11-24,DE-BE,00+,COVID-19,158,158,158,158,158,159,160,162,False
KIT-simple_nowcast,hosp,2024-12-13,2024-11-24,DE-BW,00+,COVID-19,200,194,195,196,199,203,208,215,False
KIT-simple_nowcast,hosp,2024-12-13,2024-11-24,DE-BY,00+,COVID-19,309,304,305,306,308,310,313,316,False
KIT-simple_nowcast,hosp,2024-12-13,2024-11-24,DE-HB,00+,COVID-19,31,31,31,31,31,31,31,31,False
KIT-simple_nowcast,hosp,2024-12-13,2024-11-24,DE-HE,00+,COVID-19,313,305,307,309,312,315,319,324,False
KIT-simple_nowcast,hosp,2024-12-13,2024-11-24,DE-HH,00+,COVID-19,67,66,66,66,67,68,68,69,False
KIT-simple_nowcast,hosp,2024-12-13,2024-11-24,DE-MV,00+,COVID-19,86,86,86,86,86,86,87,88,False
KIT-simple_nowcast,hosp,2024-12-13,2024-11-24,DE-NI,00+,COVID-19,287,281,282,284,286,289,293,298,False
KIT-simple_nowcast,hosp,2024-12-13,2024-11-24,DE-NW,00+,COVID-19,558,551,553,555,557,560,563,567,False
KIT-simple_nowcast,hosp,2024-12-13,2024-11-24,DE-RP,00+,COVID-19,154,153,153,153,153,154,155,157,False
KIT-simple_nowcast,hosp,2024-12-13,2024-11-24,DE-SH,00+,COVID-19,87,87,87,87,87,87,88,88,False
KIT-simple_nowcast,hosp,2024-12-13,2024-11-24,DE-SL,00+,COVID-19,21,21,21,21,21,21,22,24,False
KIT-simple_nowcast,hosp,2024-12-13,2024-11-24,DE-SN,00+,COVID-19,275,270,271,272,275,277,281,285,False
KIT-simple_nowcast,hosp,2024-12-13,2024-11-24,DE-ST,00+,COVID-19,236,235,235,235,236,237,238,239,False
KIT-simple_nowcast,hosp,2024-12-13,2024-11-24,DE-TH,00+,COVID-19,157,157,157,157,157,158,158,159,False
KIT-simple_nowcast,hosp,2024-12-13,2024-11-25,DE,00+,COVID-19,3132,3103,3111,3119,3130,3143,3157,3175,False
KIT-simple_nowcast,hosp,2024-12-13,2024-11-25,DE,00-04,COVID-19,119,117,117,118,118,119,120,122,False
KIT-simple_nowcast,hosp,2024-12-13,2024-11-25,DE,05-14,COVID-19,24,24,24,24,24,24,25,25,False
KIT-simple_nowcast,hosp,2024-12-13,2024-11-25,DE,15-34,COVID-19,104,102,102,102,103,105,107,110,False
KIT-simple_nowcast,hosp,2024-12-13,2024-11-25,DE,35-59,COVID-19,290,286,287,288,289,291,293,296,False
KIT-simple_nowcast,hosp,2024-12-13,2024-11-25,DE,60-79,COVID-19,1159,1147,1150,1153,1158,1163,1169,1177,False
KIT-simple_nowcast,hosp,2024-12-13,2024-11-25,DE,80+,COVID-19,1437,1422,1426,1430,1436,1442,1448,1456,False
KIT-simple_nowcast,hosp,2024-12-13,2024-11-25,DE-BB,00+,COVID-19,179,179,179,179,179,179,180,182,False
KIT-simple_nowcast,hosp,2024-12-13,2024-11-25,DE-BE,00+,COVID-19,158,158,158,158,158,159,160,162,False
KIT-simple_nowcast,hosp,2024-12-13,2024-11-25,DE-BW,00+,COVID-19,204,198,199,200,203,207,212,218,False
KIT-simple_nowcast,hosp,2024-12-13,2024-11-25,DE-BY,00+,COVID-19,307,303,304,305,307,309,311,314,False
KIT-simple_nowcast,hosp,2024-12-13,2024-11-25,DE-HB,00+,COVID-19,31,31,31,31,31,31,31,31,False
KIT-simple_nowcast,hosp,2024-12-13,2024-11-25,DE-HE,00+,COVID-19,314,306,308,310,313,316,320,325,False
KIT-simple_nowcast,hosp,2024-12-13,2024-11-25,DE-HH,00+,COVID-19,67,66,66,66,67,68,68,69,False
KIT-simple_nowcast,hosp,2024-12-13,2024-11-25,DE-MV,00+,COVID-19,86,86,86,86,86,86,87,88,False
KIT-simple_nowcast,hosp,2024-12-13,2024-11-25,DE-NI,00+,COVID-19,290,284,285,287,289,293,297,302,False
KIT-simple_nowcast,hosp,2024-12-13,2024-11-25,DE-NW,00+,COVID-19,558,551,553,555,557,560,563,567,False
KIT-simple_nowcast,hosp,2024-12-13,2024-11-25,DE-RP,00+,COVID-19,153,152,152,152,152,153,154,155,False
KIT-simple_nowcast,hosp,2024-12-13,2024-11-25,DE-SH,00+,COVID-19,87,87,87,87,87,87,88,88,False
KIT-simple_nowcast,hosp,2024-12-13,2024-11-25,DE-SL,00+,COVID-19,21,21,21,21,21,21,22,24,False
KIT-simple_nowcast,hosp,2024-12-13,2024-11-25,DE-SN,00+,COVID-19,276,270,271,273,275,278,281,285,False
KIT-simple_nowcast,hosp,2024-12-13,2024-11-25,DE-ST,00+,COVID-19,242,241,241,241,242,243,244,245,False
KIT-simple_nowcast,hosp,2024-12-13,2024-11-25,DE-TH,00+,COVID-19,158,158,158,158,158,159,159,160,False
KIT-simple_nowcast,hosp,2024-12-13,2024-11-26,DE,00+,COVID-19,3196,3158,3168,3178,3193,3209,3227,3250,False
KIT-simple_nowcast,hosp,2024-12-13,2024-11-26,DE,00-04,COVID-19,124,122,122,123,124,125,126,127,False
KIT-simple_nowcast,hosp,2024-12-13,2024-11-26,DE,05-14,COVID-19,23,23,23,23,23,23,24,25,False
KIT-simple_nowcast,hosp,2024-12-13,2024-11-26,DE,15-34,COVID-19,103,100,100,101,102,104,106,110,False
KIT-simple_nowcast,hosp,2024-12-13,2024-11-26,DE,35-59,COVID-19,295,290,291,293,295,297,300,303,False
KIT-simple_nowcast,hosp,2024-12-13,2024-11-26,DE,60-79,COVID-19,1201,1186,1190,1194,1200,1206,1214,1224,False
KIT-simple_nowcast,hosp,2024-12-13,2024-11-26,DE,80+,COVID-19,1448,1430,1435,1440,1447,1455,1463,1473,False
KIT-simple_nowcast,hosp,2024-12-13,2024-11-26,DE-BB,00+,COVID-19,189,188,188,188,188,189,190,194,False
KIT-simple_nowcast,hosp,2024-12-13,2024-11-26,DE-BE,00+,COVID-19,178,177,177,177,177,178,180,183,False
KIT-simple_nowcast,hosp,2024-12-13,2024-11-26,DE-BW,00+,COVID-19,209,201,203,205,208,212,218,225,False
KIT-simple_nowcast,hosp,2024-12-13,2024-11-26,DE-BY,00+,COVID-19,330,325,326,328,330,332,335,338,False
KIT-simple_nowcast,hosp,2024-12-13,2024-11-26,DE-HB,00+,COVID-19,20,20,20,20,20,20,20,20,False
KIT-simple_nowcast,hosp,2024-12-13,2024-11-26,DE-HE,00+,COVID-19,327,318,320,323,326,331,335,341,False
KIT-simple_nowcast,hosp,2024-12-13,2024-11-26,DE-HH,00+,COVID-19,76,75,75,76,76,77,78,79,False
KIT-simple_nowcast,hosp,2024-12-13,2024-11-26,DE-MV,00+,COVID-19,95,95,95,95,95,96,96,97,False
KIT-simple_nowcast,hosp,2024-12-13,2024-11-26,DE-NI,00+,COVID-19,301,294,295,297,300,304,309,315,False
KIT-simple_nowcast,hosp,2024-12-13,2024-11-26,DE-NW,00+,COVID-19,587,578,581,583,586,590,594,598,False
KIT-simple_nowcast,hosp,2024-12-13,2024-11-26,DE-RP,00+,COVID-19,169,168,168,168,169,170,171,173,False
KIT-simple_nowcast,hosp,2024-12-13,2024-11-26,DE-SH,00+,COVID-19,85,85,85,85,85,85,86,86,False
KIT-simple_nowcast,hosp,2024-12-13,2024-11-26,DE-SL,00+,COVID-19,23,22,22,22,22,23,24,26,False
KIT-simple_nowcast,hosp,2024-12-13,2024-11-26,DE-SN,00+,COVID-19,252,246,247,249,252,255,259,263,False
KIT-simple_nowcast,hosp,2024-12-13,2024-11-26,DE-ST,00+,COVID-19,207,206,206,206,207,208,209,210,False
KIT-simple_nowcast,hosp,2024-12-13,2024-11-26,DE-TH,00+,COVID-19,147,146,146,146,146,147,148,148,False
KIT-simple_nowcast,hosp,2024-12-13,2024-11-27,DE,00+,COVID-19,3247,3206,3217,3228,3244,3262,3280,3304,False
KIT-simple_nowcast,hosp,2024-12-13,2024-11-27,DE,00-04,COVID-19,129,127,127,128,129,130,131,133,False
KIT-simple_nowcast,hosp,2024-12-13,2024-11-27,DE,05-14,COVID-19,25,25,25,25,25,25,26,27,False
KIT-simple_nowcast,hosp,2024-12-13,2024-11-27,DE,15-34,COVID-19,100,97,97,98,99,101,104,107,False
KIT-simple_nowcast,hosp,2024-12-13,2024-11-27,DE,35-59,COVID-19,311,306,307,309,311,313,316,319,False
KIT-simple_nowcast,hosp,2024-12-13,2024-11-27,DE,60-79,COVID-19,1217,1201,1205,1209,1215,1223,1231,1241,False
KIT-simple_nowcast,hosp,2024-12-13,2024-11-27,DE,80+,COVID-19,1462,1442,1448,1453,1460,1469,1477,1487,False
KIT-simple_nowcast,hosp,2024-12-13,2024-11-27,DE-BB,00+,COVID-19,195,194,194,194,194,195,197,201,False
KIT-simple_nowcast,hosp,2024-12-13,2024-11-27,DE-BE,00+,COVID-19,170,169,169,169,169,171,173,176,False
KIT-simple_nowcast,hosp,2024-12-13,2024-11-27,DE-BW,00+,COVID-19,199,191,192,194,197,202,207,214,False
KIT-simple_nowcast,hosp,2024-12-13,2024-11-27,DE-BY,00+,COVID-19,333,328,329,331,333,335,338,341,False
KIT-simple_nowcast,hosp,2024-12-13,2024-11-27,DE-HB,00+,COVID-19,27,27,27,27,27,27,27,27,False
KIT-simple_nowcast,hosp,2024-12-13,2024-11-27,DE-HE,00+,COVID-19,339,329,331,334,338,343,348,354,False
KIT-simple_nowcast,hosp,2024-12-13,2024-11-27,DE-HH,00+,COVID-19,77,75,75,76,76,77,78,79,False
KIT-simple_nowcast,hosp,2024-12-13,2024-11-27,DE-MV,00+,COVID-19,91,91,91,91,91,92,92,93,False
KIT-simple_nowcast,hosp,2024-12-13,2024-11-27,DE-NI,00+,COVID-19,305,297,298,300,303,308,313,320,False
KIT-simple_nowcast,hosp,2024-12-13,2024-11-27,DE-NW,00+,COVID-19,611,602,604,607,610,614,619,624,False
KIT-simple_nowcast,hosp,2024-12-13,2024-11-27,DE-RP,00+,COVID-19,170,169,169,169,170,171,172,174,False
KIT-simple_nowcast,hosp,2024-12-13,2024-11-27,DE-SH,00+,COVID-19,101,101,101,101,101,101,102,103,False
KIT-simple_nowcast,hosp,2024-12-13,2024-11-27,DE-SL,00+,COVID-19,20,19,19,19,19,20,21,23,False
KIT-simple_nowcast,hosp,2024-12-13,2024-11-27,DE-SN,00+,COVID-19,251,243,245,247,250,254,258,264,False
KIT-simple_nowcast,hosp,2024-12-13,2024-11-27,DE-ST,00+,COVID-19,209,208,208,208,209,210,211,212,False
KIT-simple_nowcast,hosp,2024-12-13,2024-11-27,DE-TH,00+,COVID-19,149,148,148,148,149,149,150,151,False
KIT-simple_nowcast,hosp,2024-12-13,2024-11-28,DE,00+,COVID-19,3366,3321,3333,3346,3363,3382,3402,3427,False
KIT-simple_nowcast,hosp,2024-12-13,2024-11-28,DE,00-04,COVID-19,132,129,130,130,131,132,134,135,False
KIT-simple_nowcast,hosp,2024-12-13,2024-11-28,DE,05-14,COVID-19,18,18,18,18,18,18,19,19,False
KIT-simple_nowcast,hosp,2024-12-13,2024-11-28,DE,15-34,COVID-19,105,102,102,103,104,106,109,113,False
KIT-simple_nowcast,hosp,2024-12-13,2024-11-28,DE,35-59,COVID-19,314,308,310,311,314,316,319,322,False
KIT-simple_nowcast,hosp,2024-12-13,2024-11-28,DE,60-79,COVID-19,1282,1264,1268,1273,1280,1289,1298,1309,False
KIT-simple_nowcast,hosp,2024-12-13,2024-11-28,DE,80+,COVID-19,1513,1492,1498,1504,1512,1521,1530,1542,False
KIT-simple_nowcast,hosp,2024-12-13,2024-11-28,DE-BB,00+,COVID-19,227,225,225,225,225,227,230,234,False
KIT-simple_nowcast,hosp,2024-12-13,2024-11-28,DE-BE,00+,COVID-19,174,172,172,172,173,174,177,180,False
KIT-simple_nowcast,hosp,2024-12-13,2024-11-28,DE-BW,00+,COVID-19,203,194,196,198,202,206,211,218,False
KIT-simple_nowcast,hosp,2024-12-13,2024-11-28,DE-BY,00+,COVID-19,342,336,338,340,342,344,346,349,False
KIT-simple_nowcast,hosp,2024-12-13,2024-11-28,DE-HB,00+,COVID-19,27,27,27,27,27,27,27,27,False
KIT-simple_nowcast,hosp,2024-12-13,2024-11-28,DE-HE,00+,COVID-19,322,312,315,317,321,326,332,338,False
KIT-simple_nowcast,hosp,2024-12-13,2024-11-28,DE-HH,00+,COVID-19,77,75,75,76,76,77,78,79,False
KIT-simple_nowcast,hosp,2024-12-13,2024-11-28,DE-MV,00+,COVID-19,109,108,108,108,108,109,110,111,False
KIT-simple_nowcast,hosp,2024-12-13,2024-11-28,DE-NI,00+,COVID-19,316,308,310,312,315,320,325,333,False
KIT-simple_nowcast,hosp,2024-12-13,2024-11-28,DE-NW,00+,COVID-19,639,629,632,635,639,643,647,653,False
KIT-simple_nowcast,hosp,2024-12-13,2024-11-28,DE-RP,00+,COVID-19,170,169,169,169,170,171,173,175,False
KIT-simple_nowcast,hosp,2024-12-13,2024-11-28,DE-SH,00+,COVID-19,101,101,101,101,101,101,102,103,False
KIT-simple_nowcast,hosp,2024-12-13,2024-11-28,DE-SL,00+,COVID-19,24,23,23,23,24,25,26,28,False
KIT-simple_nowcast,hosp,2024-12-13,2024-11-28,DE-SN,00+,COVID-19,272,263,265,268,271,276,280,286,False
KIT-simple_nowcast,hosp,2024-12-13,2024-11-28,DE-ST,00+,COVID-19,210,209,209,209,210,211,212,214,False
KIT-simple_nowcast,hosp,2024-12-13,2024-11-28,DE-TH,00+,COVID-19,151,150,150,150,151,152,152,153,False
KIT-simple_nowcast,hosp,2024-12-13,2024-11-29,DE,00+,COVID-19,3363,3316,3329,3342,3360,3380,3400,3426,False
KIT-simple_nowcast,hosp,2024-12-13,2024-11-29,DE,00-04,COVID-19,130,127,128,129,130,131,132,133,False
KIT-simple_nowcast,hosp,2024-12-13,2024-11-29,DE,05-14,COVID-19,20,20,20,20,20,20,21,22,False
KIT-simple_nowcast,hosp,2024-12-13,2024-11-29,DE,15-34,COVID-19,99,96,96,97,98,101,103,107,False
KIT-simple_nowcast,hosp,2024-12-13,2024-11-29,DE,35-59,COVID-19,319,313,315,316,319,321,324,327,False
KIT-simple_nowcast,hosp,2024-12-13,2024-11-29,DE,60-79,COVID-19,1261,1242,1247,1253,1260,1269,1277,1289,False
KIT-simple_nowcast,hosp,2024-12-13,2024-11-29,DE,80+,COVID-19,1509,1486,1492,1499,1507,1517,1526,1538,False
KIT-simple_nowcast,hosp,2024-12-13,2024-11-29,DE-BB,00+,COVID-19,238,236,236,236,237,239,241,245,False
KIT-simple_nowcast,hosp,2024-12-13,2024-11-29,DE-BE,00+,COVID-19,181,179,179,179,180,182,185,191,False
KIT-simple_nowcast,hosp,2024-12-13,2024-11-29,DE-BW,00+,COVID-19,212,203,205,208,211,216,221,228,False
KIT-simple_nowcast,hosp,2024-12-13,2024-11-29,DE-BY,00+,COVID-19,312,307,308,310,312,314,316,319,False
KIT-simple_nowcast,hosp,2024-12-13,2024-11-29,DE-HB,00+,COVID-19,27,27,27,27,27,27,27,27,False
KIT-simple_nowcast,hosp,2024-12-13,2024-11-29,DE-HE,00+,COVID-19,312,302,304,307,311,316,321,328,False
KIT-simple_nowcast,hosp,2024-12-13,2024-11-29,DE-HH,00+,COVID-19,78,76,76,77,78,78,79,81,False
KIT-simple_nowcast,hosp,2024-12-13,2024-11-29,DE-MV,00+,COVID-19,119,118,118,118,119,119,120,122,False
KIT-simple_nowcast,hosp,2024-12-13,2024-11-29,DE-NI,00+,COVID-19,293,285,287,289,292,296,302,309,False
KIT-simple_nowcast,hosp,2024-12-13,2024-11-29,DE-NW,00+,COVID-19,665,654,657,661,665,669,674,680,False
KIT-simple_nowcast,hosp,2024-12-13,2024-11-29,DE-RP,00+,COVID-19,160,159,159,159,160,161,163,165,False
KIT-simple_nowcast,hosp,2024-12-13,2024-11-29,DE-SH,00+,COVID-19,94,94,94,94,94,94,95,96,False
KIT-simple_nowcast,hosp,2024-12-13,2024-11-29,DE-SL,00+,COVID-19,28,26,26,26,27,28,30,32,False
KIT-simple_nowcast,hosp,2024-12-13,2024-11-29,DE-SN,00+,COVID-19,260,249,252,255,259,263,268,275,False
KIT-simple_nowcast,hosp,2024-12-13,2024-11-29,DE-ST,00+,COVID-19,213,211,211,211,212,213,215,217,False
KIT-simple_nowcast,hosp,2024-12-13,2024-11-29,DE-TH,00+,COVID-19,169,168,168,168,169,170,171,172,False
KIT-simple_nowcast,hosp,2024-12-13,2024-11-30,DE,00+,COVID-19,3252,3203,3217,3231,3249,3270,3291,3317,False
KIT-simple_nowcast,hosp,2024-12-13,2024-11-30,DE,00-04,COVID-19,118,115,116,117,118,119,120,121,False
KIT-simple_nowcast,hosp,2024-12-13,2024-11-30,DE,05-14,COVID-19,19,19,19,19,19,20,20,21,False
KIT-simple_nowcast,hosp,2024-12-13,2024-11-30,DE,15-34,COVID-19,91,88,88,89,90,92,95,98,False
KIT-simple_nowcast,hosp,2024-12-13,2024-11-30,DE,35-59,COVID-19,312,306,307,309,311,314,316,320,False
KIT-simple_nowcast,hosp,2024-12-13,2024-11-30,DE,60-79,COVID-19,1201,1181,1186,1192,1199,1208,1217,1228,False
KIT-simple_nowcast,hosp,2024-12-13,2024-11-30,DE,80+,COVID-19,1488,1463,1470,1477,1486,1496,1506,1519,False
KIT-simple_nowcast,hosp,2024-12-13,2024-11-30,DE-BB,00+,COVID-19,230,228,228,228,229,231,233,237,False
KIT-simple_nowcast,hosp,2024-12-13,2024-11-30,DE-BE,00+,COVID-19,176,173,173,173,174,177,181,188,False
KIT-simple_nowcast,hosp,2024-12-13,2024-11-30,DE-BW,00+,COVID-19,211,201,204,207,210,215,220,227,False
KIT-simple_nowcast,hosp,2024-12-13,2024-11-30,DE-BY,00+,COVID-19,297,292,293,295,297,299,301,304,False
KIT-simple_nowcast,hosp,2024-12-13,2024-11-30,DE-HB,00+,COVID-19,30,30,30,30,30,30,30,31,False
KIT-simple_nowcast,hosp,2024-12-13,2024-11-30,DE-HE,00+,COVID-19,288,278,281,284,287,292,297,303,False
KIT-simple_nowcast,hosp,2024-12-13,2024-11-30,DE-HH,00+,COVID-19,74,72,72,73,74,75,76,77,False
KIT-simple_nowcast,hosp,2024-12-13,2024-11-30,DE-MV,00+,COVID-19,130,129,129,129,130,131,132,133,False
KIT-simple_nowcast,hosp,2024-12-13,2024-11-30,DE-NI,00+,COVID-19,284,276,278,280,283,287,293,300,False
KIT-simple_nowcast,hosp,2024-12-13,2024-11-30,DE-NW,00+,COVID-19,654,643,646,650,654,659,663,669,False
KIT-simple_nowcast,hosp,2024-12-13,2024-11-30,DE-RP,00+,COVID-19,143,142,142,142,143,144,146,148,False
KIT-simple_nowcast,hosp,2024-12-13,2024-11-30,DE-SH,00+,COVID-19,98,98,98,98,98,98,99,100,False
KIT-simple_nowcast,hosp,2024-12-13,2024-11-30,DE-SL,00+,COVID-19,26,24,24,24,25,26,28,31,False
KIT-simple_nowcast,hosp,2024-12-13,2024-11-30,DE-SN,00+,COVID-19,236,224,227,230,235,240,246,253,False
KIT-simple_nowcast,hosp,2024-12-13,2024-11-30,DE-ST,00+,COVID-19,203,201,201,201,202,204,205,207,False
KIT-simple_nowcast,hosp,2024-12-13,2024-11-30,DE-TH,00+,COVID-19,169,168,168,168,169,170,171,173,False
KIT-simple_nowcast,hosp,2024-12-13,2024-12-01,DE,00+,COVID-19,3241,3194,3207,3221,3238,3258,3278,3302,False
KIT-simple_nowcast,hosp,2024-12-13,2024-12-01,DE,00-04,COVID-19,116,113,114,115,116,117,118,120,False
KIT-simple_nowcast,hosp,2024-12-13,2024-12-01,DE,05-14,COVID-19,20,20,20,20,20,21,21,22,False
KIT-simple_nowcast,hosp,2024-12-13,2024-12-01,DE,15-34,COVID-19,90,87,87,88,89,91,94,97,False
KIT-simple_nowcast,hosp,2024-12-13,2024-12-01,DE,35-59,COVID-19,311,305,306,308,310,313,315,318,False
KIT-simple_nowcast,hosp,2024-12-13,2024-12-01,DE,60-79,COVID-19,1199,1180,1185,1190,1198,1206,1215,1225,False
KIT-simple_nowcast,hosp,2024-12-13,2024-12-01,DE,80+,COVID-19,1481,1457,1464,1471,1480,1489,1499,1511,False
KIT-simple_nowcast,hosp,2024-12-13,2024-12-01,DE-BB,00+,COVID-19,229,227,227,227,228,230,232,235,False
KIT-simple_nowcast,hosp,2024-12-13,2024-12-01,DE-BE,00+,COVID-19,177,174,174,174,176,178,182,189,False
KIT-simple_nowcast,hosp,2024-12-13,2024-12-01,DE-BW,00+,COVID-19,214,204,206,209,213,218,222,229,False
KIT-simple_nowcast,hosp,2024-12-13,2024-12-01,DE-BY,00+,COVID-19,296,291,292,294,296,298,301,304,False
KIT-simple_nowcast,hosp,2024-12-13,2024-12-01,DE-HB,00+,COVID-19,30,30,30,30,30,30,30,31,False
KIT-simple_nowcast,hosp,2024-12-13,2024-12-01,DE-HE,00+,COVID-19,288,278,281,284,288,292,297,303,False
KIT-simple_nowcast,hosp,2024-12-13,2024-12-01,DE-HH,00+,COVID-19,74,72,72,73,74,75,76,77,False
KIT-simple_nowcast,hosp,2024-12-13,2024-12-01,DE-MV,00+,COVID-19,130,129,129,129,130,131,132,133,False
KIT-simple_nowcast,hosp,2024-12-13,2024-12-01,DE-NI,00+,COVID-19,281,274,275,277,280,284,289,296,False
KIT-simple_nowcast,hosp,2024-12-13,2024-12-01,DE-NW,00+,COVID-19,646,636,639,642,646,650,655,660,False
KIT-simple_nowcast,hosp,2024-12-13,2024-12-01,DE-RP,00+,COVID-19,142,141,141,141,142,143,145,147,False
KIT-simple_nowcast,hosp,2024-12-13,2024-12-01,DE-SH,00+,COVID-19,98,98,98,98,98,98,99,100,False
KIT-simple_nowcast,hosp,2024-12-13,2024-12-01,DE-SL,00+,COVID-19,26,24,24,24,25,26,28,31,False
KIT-simple_nowcast,hosp,2024-12-13,2024-12-01,DE-SN,00+,COVID-19,237,225,228,231,236,242,249,257,False
KIT-simple_nowcast,hosp,2024-12-13,2024-12-01,DE-ST,00+,COVID-19,199,197,197,197,198,200,201,204,False
KIT-simple_nowcast,hosp,2024-12-13,2024-12-01,DE-TH,00+,COVID-19,171,170,170,170,171,172,174,175,False
KIT-simple_nowcast,hosp,2024-12-13,2024-12-02,DE,00+,COVID-19,3230,3184,3197,3210,3227,3246,3265,3289,False
KIT-simple_nowcast,hosp,2024-12-13,2024-12-02,DE,00-04,COVID-19,114,111,112,113,114,115,116,118,False
KIT-simple_nowcast,hosp,2024-12-13,2024-12-02,DE,05-14,COVID-19,19,19,19,19,19,20,20,21,False
KIT-simple_nowcast,hosp,2024-12-13,2024-12-02,DE,15-34,COVID-19,88,85,85,86,87,89,91,94,False
KIT-simple_nowcast,hosp,2024-12-13,2024-12-02,DE,35-59,COVID-19,312,306,308,309,312,314,316,320,False
KIT-simple_nowcast,hosp,2024-12-13,2024-12-02,DE,60-79,COVID-19,1194,1175,1180,1186,1193,1201,1209,1220,False
KIT-simple_nowcast,hosp,2024-12-13,2024-12-02,DE,80+,COVID-19,1478,1455,1462,1469,1477,1487,1496,1507,False
KIT-simple_nowcast,hosp,2024-12-13,2024-12-02,DE-BB,00+,COVID-19,229,227,227,228,229,230,232,234,False
KIT-simple_nowcast,hosp,2024-12-13,2024-12-02,DE-BE,00+,COVID-19,177,174,174,174,176,178,182,188,False
KIT-simple_nowcast,hosp,2024-12-13,2024-12-02,DE-BW,00+,COVID-19,209,199,201,204,208,212,217,224,False
KIT-simple_nowcast,hosp,2024-12-13,2024-12-02,DE-BY,00+,COVID-19,297,291,293,295,297,299,302,305,False
KIT-simple_nowcast,hosp,2024-12-13,2024-12-02,DE-HB,00+,COVID-19,30,30,30,30,30,30,30,31,False
KIT-simple_nowcast,hosp,2024-12-13,2024-12-02,DE-HE,00+,COVID-19,289,279,282,285,289,293,298,304,False
KIT-simple_nowcast,hosp,2024-12-13,2024-12-02,DE-HH,00+,COVID-19,74,72,72,73,73,75,76,77,False
KIT-simple_nowcast,hosp,2024-12-13,2024-12-02,DE-MV,00+,COVID-19,130,129,129,129,130,131,132,134,False
KIT-simple_nowcast,hosp,2024-12-13,2024-12-02,DE-NI,00+,COVID-19,270,263,264,266,269,273,278,284,False
KIT-simple_nowcast,hosp,2024-12-13,2024-12-02,DE-NW,00+,COVID-19,655,645,648,651,655,659,663,668,False
KIT-simple_nowcast,hosp,2024-12-13,2024-12-02,DE-RP,00+,COVID-19,144,142,142,142,143,144,146,148,False
KIT-simple_nowcast,hosp,2024-12-13,2024-12-02,DE-SH,00+,COVID-19,98,98,98,98,98,98,99,100,False
KIT-simple_nowcast,hosp,2024-12-13,2024-12-02,DE-SL,00+,COVID-19,26,24,24,24,25,26,28,31,False
KIT-simple_nowcast,hosp,2024-12-13,2024-12-02,DE-SN,00+,COVID-19,238,225,228,232,237,243,250,259,False
KIT-simple_nowcast,hosp,2024-12-13,2024-12-02,DE-ST,00+,COVID-19,193,191,191,191,192,193,195,198,False
KIT-simple_nowcast,hosp,2024-12-13,2024-12-02,DE-TH,00+,COVID-19,170,169,169,169,170,171,172,174,False
KIT-simple_nowcast,hosp,2024-12-13,2024-12-03,DE,00+,COVID-19,3029,2973,2989,3006,3026,3049,3072,3100,False
KIT-simple_nowcast,hosp,2024-12-13,2024-12-03,DE,00-04,COVID-19,105,101,102,103,105,106,107,109,False
KIT-simple_nowcast,hosp,2024-12-13,2024-12-03,DE,05-14,COVID-19,19,19,19,19,19,20,20,21,False
KIT-simple_nowcast,hosp,2024-12-13,2024-12-03,DE,15-34,COVID-19,70,67,67,68,69,71,73,75,False
KIT-simple_nowcast,hosp,2024-12-13,2024-12-03,DE,35-59,COVID-19,290,283,285,287,289,292,295,298,False
KIT-simple_nowcast,hosp,2024-12-13,2024-12-03,DE,60-79,COVID-19,1092,1069,1075,1082,1090,1100,1110,1122,False
KIT-simple_nowcast,hosp,2024-12-13,2024-12-03,DE,80+,COVID-19,1423,1395,1403,1412,1422,1434,1445,1459,False
KIT-simple_nowcast,hosp,2024-12-13,2024-12-03,DE-BB,00+,COVID-19,230,227,227,228,230,231,233,236,False
KIT-simple_nowcast,hosp,2024-12-13,2024-12-03,DE-BE,00+,COVID-19,162,157,157,158,160,165,170,179,False
KIT-simple_nowcast,hosp,2024-12-13,2024-12-03,DE-BW,00+,COVID-19,202,190,193,196,201,207,213,220,False
KIT-simple_nowcast,hosp,2024-12-13,2024-12-03,DE-BY,00+,COVID-19,265,258,260,262,265,268,272,276,False
KIT-simple_nowcast,hosp,2024-12-13,2024-12-03,DE-HB,00+,COVID-19,30,30,30,30,30,30,30,31,False
KIT-simple_nowcast,hosp,2024-12-13,2024-12-03,DE-HE,00+,COVID-19,242,232,235,238,242,246,251,258,False
KIT-simple_nowcast,hosp,2024-12-13,2024-12-03,DE-HH,00+,COVID-19,63,61,61,62,62,64,65,66,False
KIT-simple_nowcast,hosp,2024-12-13,2024-12-03,DE-MV,00+,COVID-19,120,118,118,118,119,121,122,125,False
KIT-simple_nowcast,hosp,2024-12-13,2024-12-03,DE-NI,00+,COVID-19,244,237,238,240,243,247,252,258,False
KIT-simple_nowcast,hosp,2024-12-13,2024-12-03,DE-NW,00+,COVID-19,639,628,631,634,639,643,648,653,False
KIT-simple_nowcast,hosp,2024-12-13,2024-12-03,DE-RP,00+,COVID-19,127,124,124,125,126,128,131,134,False
KIT-simple_nowcast,hosp,2024-12-13,2024-12-03,DE-SH,00+,COVID-19,98,98,98,98,98,99,99,101,False
KIT-simple_nowcast,hosp,2024-12-13,2024-12-03,DE-SL,00+,COVID-19,36,33,33,34,35,37,39,42,False
KIT-simple_nowcast,hosp,2024-12-13,2024-12-03,DE-SN,00+,COVID-19,234,215,220,225,232,241,250,263,False
KIT-simple_nowcast,hosp,2024-12-13,2024-12-03,DE-ST,00+,COVID-19,178,176,176,176,177,179,182,187,False
KIT-simple_nowcast,hosp,2024-12-13,2024-12-03,DE-TH,00+,COVID-19,157,155,155,156,157,158,159,161,False
KIT-simple_nowcast,hosp,2024-12-13,2024-12-04,DE,00+,COVID-19,2971,2907,2925,2944,2968,2994,3020,3053,False
KIT-simple_nowcast,hosp,2024-12-13,2024-12-04,DE,00-04,COVID-19,95,91,92,93,95,96,98,101,False
KIT-simple_nowcast,hosp,2024-12-13,2024-12-04,DE,05-14,COVID-19,18,18,18,18,18,19,19,21,False
KIT-simple_nowcast,hosp,2024-12-13,2024-12-04,DE,15-34,COVID-19,73,70,70,71,73,74,76,79,False
KIT-simple_nowcast,hosp,2024-12-13,2024-12-04,DE,35-59,COVID-19,275,267,270,272,275,278,281,285,False
KIT-simple_nowcast,hosp,2024-12-13,2024-12-04,DE,60-79,COVID-19,1049,1024,1031,1038,1047,1058,1068,1081,False
KIT-simple_nowcast,hosp,2024-12-13,2024-12-04,DE,80+,COVID-19,1428,1394,1404,1414,1426,1440,1454,1471,False
KIT-simple_nowcast,hosp,2024-12-13,2024-12-04,DE-BB,00+,COVID-19,222,218,219,220,221,223,225,227,False
KIT-simple_nowcast,hosp,2024-12-13,2024-12-04,DE-BE,00+,COVID-19,157,150,150,152,155,160,167,178,False
KIT-simple_nowcast,hosp,2024-12-13,2024-12-04,DE-BW,00+,COVID-19,204,191,194,198,203,210,216,225,False
KIT-simple_nowcast,hosp,2024-12-13,2024-12-04,DE-BY,00+,COVID-19,279,269,272,274,278,282,286,292,False
KIT-simple_nowcast,hosp,2024-12-13,2024-12-04,DE-HB,00+,COVID-19,23,23,23,23,23,23,24,25,False
KIT-simple_nowcast,hosp,2024-12-13,2024-12-04,DE-HE,00+,COVID-19,220,209,212,215,219,224,229,236,False
KIT-simple_nowcast,hosp,2024-12-13,2024-12-04,DE-HH,00+,COVID-19,66,64,64,65,66,67,69,71,False
KIT-simple_nowcast,hosp,2024-12-13,2024-12-04,DE-MV,00+,COVID-19,112,110,110,110,111,113,114,117,False
KIT-simple_nowcast,hosp,2024-12-13,2024-12-04,DE-NI,00+,COVID-19,255,246,248,250,254,258,263,270,False
KIT-simple_nowcast,hosp,2024-12-13,2024-12-04,DE-NW,00+,COVID-19,618,605,609,613,617,622,627,632,False
KIT-simple_nowcast,hosp,2024-12-13,2024-12-04,DE-RP,00+,COVID-19,123,119,119,120,122,124,127,131,False
KIT-simple_nowcast,hosp,2024-12-13,2024-12-04,DE-SH,00+,COVID-19,84,83,83,83,83,84,85,87,False
KIT-simple_nowcast,hosp,2024-12-13,2024-12-04,DE-SL,00+,COVID-19,39,36,36,37,38,40,43,47,False
KIT-simple_nowcast,hosp,2024-12-13,2024-12-04,DE-SN,00+,COVID-19,251,226,232,239,249,261,275,293,False
KIT-simple_nowcast,hosp,2024-12-13,2024-12-04,DE-ST,00+,COVID-19,171,168,168,168,170,173,176,183,False
KIT-simple_nowcast,hosp,2024-12-13,2024-12-04,DE-TH,00+,COVID-19,149,147,147,148,149,150,152,154,False
KIT-simple_nowcast,hosp,2024-12-13,2024-12-05,DE,00+,COVID-19,2808,2741,2761,2781,2805,2833,2860,2893,False
KIT-simple_nowcast,hosp,2024-12-13,2024-12-05,DE,00-04,COVID-19,87,83,84,85,87,89,91,94,False
KIT-simple_nowcast,hosp,2024-12-13,2024-12-05,DE,05-14,COVID-19,19,18,18,18,18,19,20,21,False
KIT-simple_nowcast,hosp,2024-12-13,2024-12-05,DE,15-34,COVID-19,73,70,71,72,73,75,77,80,False
KIT-simple_nowcast,hosp,2024-12-13,2024-12-05,DE,35-59,COVID-19,266,257,259,262,265,269,272,277,False
KIT-simple_nowcast,hosp,2024-12-13,2024-12-05,DE,60-79,COVID-19,1000,973,981,989,999,1010,1021,1034,False
KIT-simple_nowcast,hosp,2024-12-13,2024-12-05,DE,80+,COVID-19,1331,1296,1306,1316,1329,1343,1357,1374,False
KIT-simple_nowcast,hosp,2024-12-13,2024-12-05,DE-BB,00+,COVID-19,186,182,183,184,185,187,189,191,False
KIT-simple_nowcast,hosp,2024-12-13,2024-12-05,DE-BE,00+,COVID-19,161,150,151,153,158,165,175,189,False
KIT-simple_nowcast,hosp,2024-12-13,2024-12-05,DE-BW,00+,COVID-19,190,175,179,183,188,195,202,211,False
KIT-simple_nowcast,hosp,2024-12-13,2024-12-05,DE-BY,00+,COVID-19,249,239,241,244,248,252,257,263,False
KIT-simple_nowcast,hosp,2024-12-13,2024-12-05,DE-HB,00+,COVID-19,21,21,21,21,21,21,22,23,False
KIT-simple_nowcast,hosp,2024-12-13,2024-12-05,DE-HE,00+,COVID-19,204,192,196,199,203,208,214,220,False
KIT-simple_nowcast,hosp,2024-12-13,2024-12-05,DE-HH,00+,COVID-19,65,62,62,63,64,66,67,69,False
KIT-simple_nowcast,hosp,2024-12-13,2024-12-05,DE-MV,00+,COVID-19,105,102,102,103,104,106,108,110,False
KIT-simple_nowcast,hosp,2024-12-13,2024-12-05,DE-NI,00+,COVID-19,245,235,237,240,244,249,254,261,False
KIT-simple_nowcast,hosp,2024-12-13,2024-12-05,DE-NW,00+,COVID-19,592,579,583,587,591,596,601,606,False
KIT-simple_nowcast,hosp,2024-12-13,2024-12-05,DE-RP,00+,COVID-19,115,111,112,113,115,117,120,124,False
KIT-simple_nowcast,hosp,2024-12-13,2024-12-05,DE-SH,00+,COVID-19,83,82,82,82,83,83,85,87,False
KIT-simple_nowcast,hosp,2024-12-13,2024-12-05,DE-SL,00+,COVID-19,36,33,33,34,35,37,39,43,False
KIT-simple_nowcast,hosp,2024-12-13,2024-12-05,DE-SN,00+,COVID-19,253,225,231,239,250,264,279,300,False
KIT-simple_nowcast,hosp,2024-12-13,2024-12-05,DE-ST,00+,COVID-19,158,154,154,154,156,159,164,171,False
KIT-simple_nowcast,hosp,2024-12-13,2024-12-05,DE-TH,00+,COVID-19,150,147,148,149,150,152,153,156,False
KIT-simple_nowcast,hosp,2024-12-13,2024-12-06,DE,00+,COVID-19,2783,2710,2731,2753,2780,2809,2838,2873,False
KIT-simple_nowcast,hosp,2024-12-13,2024-12-06,DE,00-04,COVID-19,87,83,84,85,87,89,92,95,False
KIT-simple_nowcast,hosp,2024-12-13,2024-12-06,DE,05-14,COVID-19,13,13,13,13,13,14,14,16,False
KIT-simple_nowcast,hosp,2024-12-13,2024-12-06,DE,15-34,COVID-19,72,68,69,70,71,73,75,78,False
KIT-simple_nowcast,hosp,2024-12-13,2024-12-06,DE,35-59,COVID-19,249,240,243,245,249,253,257,261,False
KIT-simple_nowcast,hosp,2024-12-13,2024-12-06,DE,60-79,COVID-19,1020,990,999,1007,1019,1031,1044,1059,False
KIT-simple_nowcast,hosp,2024-12-13,2024-12-06,DE,80+,COVID-19,1330,1292,1304,1315,1329,1344,1358,1376,False
KIT-simple_nowcast,hosp,2024-12-13,2024-12-06,DE-BB,00+,COVID-19,189,185,186,187,189,191,193,195,False
KIT-simple_nowcast,hosp,2024-12-13,2024-12-06,DE-BE,00+,COVID-19,149,136,138,141,146,154,164,179,False
KIT-simple_nowcast,hosp,2024-12-13,2024-12-06,DE-BW,00+,COVID-19,177,162,166,170,175,182,189,198,False
KIT-simple_nowcast,hosp,2024-12-13,2024-12-06,DE-BY,00+,COVID-19,259,247,250,253,258,263,269,277,False
KIT-simple_nowcast,hosp,2024-12-13,2024-12-06,DE-HB,00+,COVID-19,18,18,18,18,18,19,19,20,False
KIT-simple_nowcast,hosp,2024-12-13,2024-12-06,DE-HE,00+,COVID-19,205,192,196,199,204,210,216,224,False
KIT-simple_nowcast,hosp,2024-12-13,2024-12-06,DE-HH,00+,COVID-19,61,58,58,59,60,62,64,66,False
KIT-simple_nowcast,hosp,2024-12-13,2024-12-06,DE-MV,00+,COVID-19,101,98,98,99,101,102,104,107,False
KIT-simple_nowcast,hosp,2024-12-13,2024-12-06,DE-NI,00+,COVID-19,239,229,231,234,238,243,248,255,False
KIT-simple_nowcast,hosp,2024-12-13,2024-12-06,DE-NW,00+,COVID-19,611,596,601,605,610,616,621,627,False
KIT-simple_nowcast,hosp,2024-12-13,2024-12-06,DE-RP,00+,COVID-19,110,105,106,107,109,112,115,119,False
KIT-simple_nowcast,hosp,2024-12-13,2024-12-06,DE-SH,00+,COVID-19,91,90,90,90,91,92,94,96,False
KIT-simple_nowcast,hosp,2024-12-13,2024-12-06,DE-SL,00+,COVID-19,36,33,33,34,35,37,39,43,False
KIT-simple_nowcast,hosp,2024-12-13,2024-12-06,DE-SN,00+,COVID-19,256,222,229,239,252,269,287,311,False
KIT-simple_nowcast,hosp,2024-12-13,2024-12-06,DE-ST,00+,COVID-19,163,158,158,159,161,164,170,177,False
KIT-simple_nowcast,hosp,2024-12-13,2024-12-06,DE-TH,00+,COVID-19,122,119,120,121,122,124,126,128,False
KIT-simple_nowcast,hosp,2024-12-13,2024-12-07,DE,00+,COVID-19,2765,2687,2711,2734,2762,2793,2823,2859,False
KIT-simple_nowcast,hosp,2024-12-13,2024-12-07,DE,00-04,COVID-19,84,79,80,81,83,86,88,92,False
KIT-simple_nowcast,hosp,2024-12-13,2024-12-07,DE,05-14,COVID-19,12,12,12,12,12,13,14,15,False
KIT-simple_nowcast,hosp,2024-12-13,2024-12-07,DE,15-34,COVID-19,76,72,73,74,76,78,80,83,False
KIT-simple_nowcast,hosp,2024-12-13,2024-12-07,DE,35-59,COVID-19,243,233,236,239,242,246,251,256,False
KIT-simple_nowcast,hosp,2024-12-13,2024-12-07,DE,60-79,COVID-19,1016,983,992,1002,1014,1027,1041,1057,False
KIT-simple_nowcast,hosp,2024-12-13,2024-12-07,DE,80+,COVID-19,1324,1283,1295,1307,1322,1338,1354,1372,False
KIT-simple_nowcast,hosp,2024-12-13,2024-12-07,DE-BB,00+,COVID-19,193,188,189,191,193,195,197,200,False
KIT-simple_nowcast,hosp,2024-12-13,2024-12-07,DE-BE,00+,COVID-19,137,124,126,129,135,143,153,167,False
KIT-simple_nowcast,hosp,2024-12-13,2024-12-07,DE-BW,00+,COVID-19,173,158,162,166,172,179,186,196,False
KIT-simple_nowcast,hosp,2024-12-13,2024-12-07,DE-BY,00+,COVID-19,253,240,243,246,251,257,264,272,False
KIT-simple_nowcast,hosp,2024-12-13,2024-12-07,DE-HB,00+,COVID-19,16,15,15,15,15,16,17,17,False
KIT-simple_nowcast,hosp,2024-12-13,2024-12-07,DE-HE,00+,COVID-19,209,194,198,202,207,214,221,230,False
KIT-simple_nowcast,hosp,2024-12-13,2024-12-07,DE-HH,00+,COVID-19,64,60,61,62,63,65,67,70,False
KIT-simple_nowcast,hosp,2024-12-13,2024-12-07,DE-MV,00+,COVID-19,97,93,94,95,97,99,102,105,False
KIT-simple_nowcast,hosp,2024-12-13,2024-12-07,DE-NI,00+,COVID-19,238,227,229,232,236,242,248,255,False
KIT-simple_nowcast,hosp,2024-12-13,2024-12-07,DE-NW,00+,COVID-19,612,595,600,605,611,617,623,631,False
KIT-simple_nowcast,hosp,2024-12-13,2024-12-07,DE-RP,00+,COVID-19,111,105,107,108,110,113,116,120,False
KIT-simple_nowcast,hosp,2024-12-13,2024-12-07,DE-SH,00+,COVID-19,93,91,91,91,92,94,95,97,False
KIT-simple_nowcast,hosp,2024-12-13,2024-12-07,DE-SL,00+,COVID-19,36,33,33,34,35,37,39,43,False
KIT-simple_nowcast,hosp,2024-12-13,2024-12-07,DE-SN,00+,COVID-19,257,220,228,239,253,272,292,318,False
KIT-simple_nowcast,hosp,2024-12-13,2024-12-07,DE-ST,00+,COVID-19,166,161,161,162,164,168,174,182,False
KIT-simple_nowcast,hosp,2024-12-13,2024-12-07,DE-TH,00+,COVID-19,116,112,113,114,116,118,120,123,False
KIT-simple_nowcast,hosp,2024-12-13,2024-12-08,DE,00+,COVID-19,2760,2680,2704,2728,2757,2789,2820,2858,False
KIT-simple_nowcast,hosp,2024-12-13,2024-12-08,DE,00-04,COVID-19,84,79,80,81,83,86,89,92,False
KIT-simple_nowcast,hosp,2024-12-13,2024-12-08,DE,05-14,COVID-19,11,11,11,11,11,12,13,14,False
KIT-simple_nowcast,hosp,2024-12-13,2024-12-08,DE,15-34,COVID-19,76,72,73,74,76,78,80,83,False
KIT-simple_nowcast,hosp,2024-12-13,2024-12-08,DE,35-59,COVID-19,242,232,235,238,241,245,249,254,False
KIT-simple_nowcast,hosp,2024-12-13,2024-12-08,DE,60-79,COVID-19,1010,977,987,996,1008,1022,1035,1051,False
KIT-simple_nowcast,hosp,2024-12-13,2024-12-08,DE,80+,COVID-19,1326,1283,1296,1309,1324,1342,1358,1379,False
KIT-simple_nowcast,hosp,2024-12-13,2024-12-08,DE-BB,00+,COVID-19,193,188,189,191,193,195,197,201,False
KIT-simple_nowcast,hosp,2024-12-13,2024-12-08,DE-BE,00+,COVID-19,136,123,125,129,134,142,150,163,False
KIT-simple_nowcast,hosp,2024-12-13,2024-12-08,DE-BW,00+,COVID-19,175,159,163,168,174,181,189,198,False
KIT-simple_nowcast,hosp,2024-12-13,2024-12-08,DE-BY,00+,COVID-19,253,240,243,246,251,257,264,273,False
KIT-simple_nowcast,hosp,2024-12-13,2024-12-08,DE-HB,00+,COVID-19,16,15,15,15,15,16,16,17,False
KIT-simple_nowcast,hosp,2024-12-13,2024-12-08,DE-HE,00+,COVID-19,210,195,199,203,209,215,222,231,False
KIT-simple_nowcast,hosp,2024-12-13,2024-12-08,DE-HH,00+,COVID-19,64,60,61,62,63,65,67,70,False
KIT-simple_nowcast,hosp,2024-12-13,2024-12-08,DE-MV,00+,COVID-19,99,94,95,96,98,100,103,107,False
KIT-simple_nowcast,hosp,2024-12-13,2024-12-08,DE-NI,00+,COVID-19,233,222,224,227,231,237,242,249,False
KIT-simple_nowcast,hosp,2024-12-13,2024-12-08,DE-NW,00+,COVID-19,613,596,601,606,612,619,626,634,False
KIT-simple_nowcast,hosp,2024-12-13,2024-12-08,DE-RP,00+,COVID-19,110,105,106,107,109,112,114,118,False
KIT-simple_nowcast,hosp,2024-12-13,2024-12-08,DE-SH,00+,COVID-19,93,91,91,92,92,94,95,97,False
KIT-simple_nowcast,hosp,2024-12-13,2024-12-08,DE-SL,00+,COVID-19,36,33,33,34,35,37,39,42,False
KIT-simple_nowcast,hosp,2024-12-13,2024-12-08,DE-SN,00+,COVID-19,256,218,227,238,252,271,291,317,False
KIT-simple_nowcast,hosp,2024-12-13,2024-12-08,DE-ST,00+,COVID-19,166,161,161,162,165,168,174,181,False
KIT-simple_nowcast,hosp,2024-12-13,2024-12-08,DE-TH,00+,COVID-19,114,110,111,112,114,116,118,121,False
KIT-simple_nowcast,hosp,2024-12-13,2024-12-09,DE,00+,COVID-19,2754,2668,2693,2719,2750,2785,2819,2861,False
KIT-simple_nowcast,hosp,2024-12-13,2024-12-09,DE,00-04,COVID-19,85,80,81,83,85,87,90,94,False
KIT-simple_nowcast,hosp,2024-12-13,2024-12-09,DE,05-14,COVID-19,11,11,11,11,11,12,13,14,False
KIT-simple_nowcast,hosp,2024-12-13,2024-12-09,DE,15-34,COVID-19,76,72,73,74,76,78,80,83,False
KIT-simple_nowcast,hosp,2024-12-13,2024-12-09,DE,35-59,COVID-19,243,233,236,239,243,247,251,256,False
KIT-simple_nowcast,hosp,2024-12-13,2024-12-09,DE,60-79,COVID-19,1006,973,983,992,1005,1018,1032,1049,False
KIT-simple_nowcast,hosp,2024-12-13,2024-12-09,DE,80+,COVID-19,1321,1273,1287,1301,1319,1338,1357,1380,False
KIT-simple_nowcast,hosp,2024-12-13,2024-12-09,DE-BB,00+,COVID-19,193,188,189,190,192,195,198,201,False
KIT-simple_nowcast,hosp,2024-12-13,2024-12-09,DE-BE,00+,COVID-19,138,125,127,130,136,143,151,162,False
KIT-simple_nowcast,hosp,2024-12-13,2024-12-09,DE-BW,00+,COVID-19,175,159,163,168,174,181,189,199,False
KIT-simple_nowcast,hosp,2024-12-13,2024-12-09,DE-BY,00+,COVID-19,251,238,241,245,250,256,263,273,False
KIT-simple_nowcast,hosp,2024-12-13,2024-12-09,DE-HB,00+,COVID-19,16,15,15,15,15,16,16,17,False
KIT-simple_nowcast,hosp,2024-12-13,2024-12-09,DE-HE,00+,COVID-19,208,193,197,201,206,213,220,228,False
KIT-simple_nowcast,hosp,2024-12-13,2024-12-09,DE-HH,00+,COVID-19,64,60,61,62,63,65,67,70,False
KIT-simple_nowcast,hosp,2024-12-13,2024-12-09,DE-MV,00+,COVID-19,99,94,95,96,98,100,103,107,False
KIT-simple_nowcast,hosp,2024-12-13,2024-12-09,DE-NI,00+,COVID-19,234,223,226,229,233,238,243,250,False
KIT-simple_nowcast,hosp,2024-12-13,2024-12-09,DE-NW,00+,COVID-19,606,587,593,598,605,612,619,628,False
KIT-simple_nowcast,hosp,2024-12-13,2024-12-09,DE-RP,00+,COVID-19,110,105,106,107,109,112,114,118,False
KIT-simple_nowcast,hosp,2024-12-13,2024-12-09,DE-SH,00+,COVID-19,93,91,91,92,92,94,95,97,False
KIT-simple_nowcast,hosp,2024-12-13,2024-12-09,DE-SL,00+,COVID-19,36,33,33,34,35,37,39,42,False
KIT-simple_nowcast,hosp,2024-12-13,2024-12-09,DE-SN,00+,COVID-19,260,220,229,240,256,275,296,323,False
KIT-simple_nowcast,hosp,2024-12-13,2024-12-09,DE-ST,00+,COVID-19,166,161,161,163,165,169,173,180,False
KIT-simple_nowcast,hosp,2024-12-13,2024-12-09,DE-TH,00+,COVID-19,114,110,111,112,113,116,118,122,False
KIT-simple_nowcast,hosp,2024-12-13,2024-12-10,DE,00+,COVID-19,2786,2627,2672,2719,2777,2843,2910,2992,False
KIT-simple_nowcast,hosp,2024-12-13,2024-12-10,DE,00-04,COVID-19,96,85,88,90,95,100,106,114,False
KIT-simple_nowcast,hosp,2024-12-13,2024-12-10,DE,05-14,COVID-19,8,8,8,8,8,9,10,11,False
KIT-simple_nowcast,hosp,2024-12-13,2024-12-10,DE,15-34,COVID-19,75,70,71,72,74,77,80,83,False
KIT-simple_nowcast,hosp,2024-12-13,2024-12-10,DE,35-59,COVID-19,234,220,224,228,234,239,245,253,False
KIT-simple_nowcast,hosp,2024-12-13,2024-12-10,DE,60-79,COVID-19,1017,957,974,991,1013,1038,1064,1095,False
KIT-simple_nowcast,hosp,2024-12-13,2024-12-10,DE,80+,COVID-19,1348,1263,1287,1312,1343,1378,1414,1458,False
KIT-simple_nowcast,hosp,2024-12-13,2024-12-10,DE-BB,00+,COVID-19,169,161,163,165,168,172,176,182,False
KIT-simple_nowcast,hosp,2024-12-13,2024-12-10,DE-BE,00+,COVID-19,151,132,136,141,149,159,170,184,False
KIT-simple_nowcast,hosp,2024-12-13,2024-12-10,DE-BW,00+,COVID-19,182,159,165,171,180,191,202,217,False
KIT-simple_nowcast,hosp,2024-12-13,2024-12-10,DE-BY,00+,COVID-19,219,200,204,209,217,226,236,250,False
KIT-simple_nowcast,hosp,2024-12-13,2024-12-10,DE-HB,00+,COVID-19,16,15,15,15,15,16,16,17,False
KIT-simple_nowcast,hosp,2024-12-13,2024-12-10,DE-HE,00+,COVID-19,231,209,215,221,229,239,248,261,False
KIT-simple_nowcast,hosp,2024-12-13,2024-12-10,DE-HH,00+,COVID-19,72,66,67,69,72,75,78,83,False
KIT-simple_nowcast,hosp,2024-12-13,2024-12-10,DE-MV,00+,COVID-19,100,90,92,94,99,105,111,121,False
KIT-simple_nowcast,hosp,2024-12-13,2024-12-10,DE-NI,00+,COVID-19,249,233,237,241,248,256,264,275,False
KIT-simple_nowcast,hosp,2024-12-13,2024-12-10,DE-NW,00+,COVID-19,600,561,571,582,597,614,633,656,False
KIT-simple_nowcast,hosp,2024-12-13,2024-12-10,DE-RP,00+,COVID-19,108,97,99,103,107,113,119,127,False
KIT-simple_nowcast,hosp,2024-12-13,2024-12-10,DE-SH,00+,COVID-19,106,101,102,103,105,108,111,115,False
KIT-simple_nowcast,hosp,2024-12-13,2024-12-10,DE-SL,00+,COVID-19,22,20,20,21,22,23,25,27,False
KIT-simple_nowcast,hosp,2024-12-13,2024-12-10,DE-SN,00+,COVID-19,261,208,220,234,255,282,310,348,False
KIT-simple_nowcast,hosp,2024-12-13,2024-12-10,DE-ST,00+,COVID-19,171,163,164,166,169,174,180,188,False
KIT-simple_nowcast,hosp,2024-12-13,2024-12-10,DE-TH,00+,COVID-19,135,127,128,130,133,138,143,149,False
KIT-simple_nowcast,hosp,2024-12-13,2024-12-11,DE,00+,COVID-19,2805,2548,2615,2688,2785,2900,3019,3171,False
KIT-simple_nowcast,hosp,2024-12-13,2024-12-11,DE,00-04,COVID-19,102,87,90,94,100,108,116,128,False
KIT-simple_nowcast,hosp,2024-12-13,2024-12-11,DE,05-14,COVID-19,8,7,7,7,7,8,9,10,False
KIT-simple_nowcast,hosp,2024-12-13,2024-12-11,DE,15-34,COVID-19,72,65,66,68,71,74,78,83,False
KIT-simple_nowcast,hosp,2024-12-13,2024-12-11,DE,35-59,COVID-19,247,225,231,237,246,256,266,279,False
KIT-simple_nowcast,hosp,2024-12-13,2024-12-11,DE,60-79,COVID-19,1048,951,976,1003,1040,1084,1130,1188,False
KIT-simple_nowcast,hosp,2024-12-13,2024-12-11,DE,80+,COVID-19,1323,1196,1229,1266,1314,1370,1428,1503,False
KIT-simple_nowcast,hosp,2024-12-13,2024-12-11,DE-BB,00+,COVID-19,175,163,166,169,174,180,186,195,False
KIT-simple_nowcast,hosp,2024-12-13,2024-12-11,DE-BE,00+,COVID-19,163,139,144,151,160,172,184,201,False
KIT-simple_nowcast,hosp,2024-12-13,2024-12-11,DE-BW,00+,COVID-19,171,144,151,158,168,181,194,211,False
KIT-simple_nowcast,hosp,2024-12-13,2024-12-11,DE-BY,00+,COVID-19,205,182,187,193,203,215,228,245,False
KIT-simple_nowcast,hosp,2024-12-13,2024-12-11,DE-HB,00+,COVID-19,23,19,19,20,22,24,27,30,False
KIT-simple_nowcast,hosp,2024-12-13,2024-12-11,DE-HE,00+,COVID-19,236,210,217,224,234,246,259,275,False
KIT-simple_nowcast,hosp,2024-12-13,2024-12-11,DE-HH,00+,COVID-19,72,63,65,67,71,75,80,86,False
KIT-simple_nowcast,hosp,2024-12-13,2024-12-11,DE-MV,00+,COVID-19,102,88,90,93,99,108,120,137,False
KIT-simple_nowcast,hosp,2024-12-13,2024-12-11,DE-NI,00+,COVID-19,242,218,224,230,239,251,263,280,False
KIT-simple_nowcast,hosp,2024-12-13,2024-12-11,DE-NW,00+,COVID-19,640,570,586,605,632,667,705,756,False
KIT-simple_nowcast,hosp,2024-12-13,2024-12-11,DE-RP,00+,COVID-19,117,98,102,107,114,124,136,150,False
KIT-simple_nowcast,hosp,2024-12-13,2024-12-11,DE-SH,00+,COVID-19,102,96,97,98,101,105,110,116,False
KIT-simple_nowcast,hosp,2024-12-13,2024-12-11,DE-SL,00+,COVID-19,22,19,19,20,21,23,25,28,False
KIT-simple_nowcast,hosp,2024-12-13,2024-12-11,DE-SN,00+,COVID-19,253,185,200,218,245,280,318,370,False
KIT-simple_nowcast,hosp,2024-12-13,2024-12-11,DE-ST,00+,COVID-19,167,156,157,160,164,171,180,192,False
KIT-simple_nowcast,hosp,2024-12-13,2024-12-11,DE-TH,00+,COVID-19,121,112,114,116,120,124,130,137,False
KIT-simple_nowcast,hosp,2024-12-13,2024-12-12,DE,00+,COVID-19,2740,2412,2496,2589,2714,2863,3020,3222,False
KIT-simple_nowcast,hosp,2024-12-13,2024-12-12,DE,00-04,COVID-19,100,84,87,91,98,106,115,128,False
KIT-simple_nowcast,hosp,2024-12-13,2024-12-12,DE,05-14,COVID-19,8,7,7,7,8,9,10,12,False
KIT-simple_nowcast,hosp,2024-12-13,2024-12-12,DE,15-34,COVID-19,64,56,58,60,63,67,71,76,False
KIT-simple_nowcast,hosp,2024-12-13,2024-12-12,DE,35-59,COVID-19,246,218,226,234,244,257,270,286,False
KIT-simple_nowcast,hosp,2024-12-13,2024-12-12,DE,60-79,COVID-19,1025,899,930,966,1014,1072,1133,1212,False
KIT-simple_nowcast,hosp,2024-12-13,2024-12-12,DE,80+,COVID-19,1292,1133,1174,1219,1280,1352,1427,1523,False
KIT-simple_nowcast,hosp,2024-12-13,2024-12-12,DE-BB,00+,COVID-19,184,168,172,176,182,190,198,210,False
KIT-simple_nowcast,hosp,2024-12-13,2024-12-12,DE-BE,00+,COVID-19,152,127,133,140,149,161,174,190,False
KIT-simple_nowcast,hosp,2024-12-13,2024-12-12,DE-BW,00+,COVID-19,182,147,155,165,178,195,212,234,False
KIT-simple_nowcast,hosp,2024-12-13,2024-12-12,DE-BY,00+,COVID-19,215,185,192,200,211,226,242,263,False
KIT-simple_nowcast,hosp,2024-12-13,2024-12-12,DE-HB,00+,COVID-19,25,20,20,21,23,27,31,37,False
KIT-simple_nowcast,hosp,2024-12-13,2024-12-12,DE-HE,00+,COVID-19,244,214,221,230,242,256,270,289,False
KIT-simple_nowcast,hosp,2024-12-13,2024-12-12,DE-HH,00+,COVID-19,72,61,63,66,71,76,82,90,False
KIT-simple_nowcast,hosp,2024-12-13,2024-12-12,DE-MV,00+,COVID-19,102,79,82,86,96,111,131,161,False
KIT-simple_nowcast,hosp,2024-12-13,2024-12-12,DE-NI,00+,COVID-19,199,175,180,186,196,208,221,239,False
KIT-simple_nowcast,hosp,2024-12-13,2024-12-12,DE-NW,00+,COVID-19,625,532,551,575,612,661,715,788,False
KIT-simple_nowcast,hosp,2024-12-13,2024-12-12,DE-RP,00+,COVID-19,119,94,99,105,115,128,143,163,False
KIT-simple_nowcast,hosp,2024-12-13,2024-12-12,DE-SH,00+,COVID-19,97,88,89,91,95,101,107,117,False
KIT-simple_nowcast,hosp,2024-12-13,2024-12-12,DE-SL,00+,COVID-19,22,19,19,20,22,24,26,29,False
KIT-simple_nowcast,hosp,2024-12-13,2024-12-12,DE-SN,00+,COVID-19,259,174,192,214,247,292,342,409,False
KIT-simple_nowcast,hosp,2024-12-13,2024-12-12,DE-ST,00+,COVID-19,159,146,148,151,156,165,175,190,False
KIT-simple_nowcast,hosp,2024-12-13,2024-12-12,DE-TH,00+,COVID-19,103,94,96,98,102,107,112,120,False
KIT-simple_nowcast,hosp,2024-12-13,2024-12-13,DE,00+,COVID-19,2655,2226,2336,2458,2621,2814,3017,3275,False
KIT-simple_nowcast,hosp,2024-12-13,2024-12-13,DE,00-04,COVID-19,93,75,79,83,90,100,110,123,False
KIT-simple_nowcast,hosp,2024-12-13,2024-12-13,DE,05-14,COVID-19,7,6,6,6,7,8,9,10,False
KIT-simple_nowcast,hosp,2024-12-13,2024-12-13,DE,15-34,COVID-19,67,55,58,62,66,71,77,84,False
KIT-simple_nowcast,hosp,2024-12-13,2024-12-13,DE,35-59,COVID-19,239,203,213,224,237,253,269,289,False
KIT-simple_nowcast,hosp,2024-12-13,2024-12-13,DE,60-79,COVID-19,996,830,872,919,983,1058,1138,1240,False
KIT-simple_nowcast,hosp,2024-12-13,2024-12-13,DE,80+,COVID-19,1249,1041,1094,1153,1232,1326,1424,1549,False
KIT-simple_nowcast,hosp,2024-12-13,2024-12-13,DE-BB,00+,COVID-19,180,158,163,169,178,188,200,215,False
KIT-simple_nowcast,hosp,2024-12-13,2024-12-13,DE-BE,00+,COVID-19,164,131,139,148,161,176,192,214,False
KIT-simple_nowcast,hosp,2024-12-13,2024-12-13,DE-BW,00+,COVID-19,182,138,149,161,178,198,220,248,False
KIT-simple_nowcast,hosp,2024-12-13,2024-12-13,DE-BY,00+,COVID-19,196,162,170,179,193,209,228,252,False
KIT-simple_nowcast,hosp,2024-12-13,2024-12-13,DE-HB,00+,COVID-19,24,19,19,19,21,25,32,42,False
KIT-simple_nowcast,hosp,2024-12-13,2024-12-13,DE-HE,00+,COVID-19,242,206,215,225,239,256,274,296,False
KIT-simple_nowcast,hosp,2024-12-13,2024-12-13,DE-HH,00+,COVID-19,75,60,64,68,73,81,89,100,False
KIT-simple_nowcast,hosp,2024-12-13,2024-12-13,DE-MV,00+,COVID-19,89,67,67,70,79,98,125,169,False
KIT-simple_nowcast,hosp,2024-12-13,2024-12-13,DE-NI,00+,COVID-19,183,153,159,168,180,195,213,236,False
KIT-simple_nowcast,hosp,2024-12-13,2024-12-13,DE-NW,00+,COVID-19,566,448,472,504,550,611,679,770,False
KIT-simple_nowcast,hosp,2024-12-13,2024-12-13,DE-RP,00+,COVID-19,131,93,101,111,126,146,169,200,False
KIT-simple_nowcast,hosp,2024-12-13,2024-12-13,DE-SH,00+,COVID-19,87,72,74,77,83,93,105,122,False
KIT-simple_nowcast,hosp,2024-12-13,2024-12-13,DE-SL,00+,COVID-19,22,17,18,19,21,24,28,33,False
KIT-simple_nowcast,hosp,2024-12-13,2024-12-13,DE-SN,00+,COVID-19,239,143,162,187,226,277,335,414,False
KIT-simple_nowcast,hosp,2024-12-13,2024-12-13,DE-ST,00+,COVID-19,162,135,138,143,155,173,196,230,False
KIT-simple_nowcast,hosp,2024-12-13,2024-12-13,DE-TH,00+,COVID-19,107,93,96,100,105,113,121,132,False
